MWT,MF,PARENT_MWT,SMILES,SUPPLIER_NAME,CATALOG_NUMBER,PRICE_CODE,CAS,CHEMICAL_NAME,MFCD,EMOLECULES_ID
186.23,C7H10N2O2S,186.23,CS(=O)(=O)Nc1cccc(N)c1,,0,,,,MFCD03094037,519871
381.25,C18H18Cl2N2O3,381.25,CCCC1=C(C(C(C#N)=C(N)O1)c1ccc(Cl)cc1Cl)C(=O)OCC,,0,,,,MFCD00811389,567964
221.27,C11H11NO2S,221.27,CS(=O)(=O)Nc1cccc2ccccc12,,0,,,,MFCD00447811,596332
370.23,C17H17Cl2NO4,370.23,COC(=O)C1=C(C)NC(C)=C(C1c1ccc(Cl)cc1Cl)C(=O)OC,,0,,,,MFCD00387791,627919
361.27,C19H18Cl2N2O,361.27,,,0,,,,,627929
361.27,C19H18Cl2N2O,361.27,,,0,,,,,627929
361.27,C19H18Cl2N2O,361.27,CC1=C(C#N)C(C2=C(CC(C)(C)CC2=O)N1)c1ccc(Cl)cc1Cl,,0,,,,MFCD00816371,627929
394.29,C20H21Cl2NO3,394.29,COC(=O)C1=C(C)NC2=C(C1c1ccc(Cl)cc1Cl)C(=O)CC(C)(C)C2,,0,,,,MFCD00368210,628139
361.27,C19H18Cl2N2O,361.27,CC1=C(C#N)C(C2=C(CC(C)(C)CC2=O)N1)c1cccc(Cl)c1Cl,,0,,,,MFCD01825115,659905
334.74,C13H10ClF3N2OS,334.74,FC(F)(F)c1cccc(Cc2cnc(NC(=O)CCl)s2)c1,,0,,,,MFCD01563471,663121
330.36,C18H19FN2O3,330.36,CCCC1=C(C(C(C#N)=C(N)O1)c1cccc(F)c1)C(=O)OCC,,0,,,,MFCD00811448,825054
284.31,C16H16N2O3,284.31,COC(=O)C1=C(C)OC(N)=C(C#N)C1c1ccccc1C,,0,,,,MFCD00731037,1104090
302.31,C16H15FN2O3,302.31,CCOC(=O)C1=C(C)OC(N)=C(C#N)C1c1ccc(F)cc1,,0,,,,MFCD00486665,1107255
407.72,C20H17Cl3N2O,407.72,Cc1ccccc1C(=O)NC(Nc1cccc2ccccc12)C(Cl)(Cl)Cl,,0,,,,,1108686
380.27,C19H19Cl2NO3,380.27,CCOC(=O)C1=C(C)NC2=C(C1c1ccc(Cl)cc1Cl)C(=O)CCC2,,0,,,,MFCD00619462,1207187
394.29,C20H21Cl2NO3,394.29,,,0,,,,,1207271
394.29,C20H21Cl2NO3,394.29,CC(C)OC(=O)C1=C(C)NC2=C(C1c1ccc(Cl)cc1Cl)C(=O)CCC2,,0,,,,,1207271
383.49,C23H29NO4,383.49,CCCCOc1ccccc1C1C(C(=O)OCC)=C(C)NC2=C1C(=O)CCC2,,0,,,,,1215904
353.2,C16H14Cl2N2O3,353.2,CCOC(=O)C1=C(C)OC(N)=C(C#N)C1c1ccc(Cl)cc1Cl,,0,,,,MFCD00486667,1235110
330.36,C18H19FN2O3,330.36,CCCC1=C(C(C(C#N)=C(N)O1)c1ccccc1F)C(=O)OCC,,0,,,,MFCD00811365,1254540
333.21,C17H14Cl2N2O,333.21,CC1=C(C#N)C(C2=C(CCCC2=O)N1)c1ccc(Cl)cc1Cl,,0,,,,,1255644
328.37,C18H20N2O4,328.37,CCOC(=O)C1=C(C)OC(N)=C(C#N)C1c1ccccc1OCC,,0,,,,MFCD00977162,1270444
340.38,C19H20N2O4,340.38,,,0,,,,,1307215
340.38,C19H20N2O4,340.38,CCOC(=O)C1=C(C)OC(N)=C(C#N)C1c1ccccc1OCC=C,,0,,,,MFCD01817289,1307215
318.76,C16H15ClN2O3,318.76,CCOC(=O)C1=C(C)OC(N)=C(C#N)C1c1ccccc1Cl,,0,,,,MFCD00486666,1326718
345.81,C13H12ClNO4S2,345.81,CCOC(=O)c1ccc(NS(=O)(=O)c2ccc(Cl)s2)cc1,,0,,,,,1505887
326.4,C19H22N2O3,326.4,CCCC1=C(C(C(C#N)=C(N)O1)c1ccccc1C)C(=O)OCC,,0,,,,,1529596
390.27,C13H12BrNO4S2,390.27,CCOC(=O)c1ccc(NS(=O)(=O)c2ccc(Br)s2)cc1,,0,,,,MFCD01569258,1731748
362.43,C22H22N2O3,362.43,CCCC1=C(C(C(C#N)=C(N)O1)c1cccc2ccccc12)C(=O)OCC,,0,,,,MFCD00811627,2059683
474.35,C21H17BrFN3O2S,474.35,NS(=O)(=O)c1ccc(cc1)N1N=C(CC1c1ccc(F)cc1)c1ccc(Br)cc1,,0,,,,MFCD01471116,2098304
314.3,C16H17F3O3,314.3,CC(C)CCOc1ccc2c(cc(=O)oc2c1C)C(F)(F)F,,0,,,,,2147449
284.23,C14H11F3O3,284.23,Cc1c(OCC=C)ccc2c(cc(=O)oc12)C(F)(F)F,,0,,,,,2149134
286.25,C14H13F3O3,286.25,,,0,,,,,2189366
286.25,C14H13F3O3,286.25,CCCOc1ccc2c(cc(=O)oc2c1C)C(F)(F)F,,0,,,,MFCD03712638,2189366
320.3,C16H14F2N2O3,320.3,,,0,,,,,2345864
320.3,C16H14F2N2O3,320.3,CCOC(=O)C1=C(C)OC(N)=C(C#N)C1c1ccc(F)cc1F,,0,,,,,2345864
326.4,C19H22N2O3,326.4,,,0,,,,,2467798
326.4,C19H22N2O3,326.4,CC1=C(C(C(C#N)=C(N)O1)c1ccccc1C)C(=O)OC(C)(C)C,,0,,,,,2467798
339.17,C15H12Cl2N2O3,339.17,COC(=O)C1=C(C)OC(N)=C(C#N)C1c1ccc(Cl)cc1Cl,,0,,,,,4376588
380.46,C21H20N2O3S,380.46,CCOC(=O)C1=C(C)N=C2SCCC(=O)N2C1c1cccc2ccccc12,,0,,,,MFCD03102495,4863756
425.48,C22H20FN3O3S,425.48,COc1cccc(c1)C1=NN(C(C1)c1ccc(F)cc1)c1ccc(cc1)S(N)(=O)=O,,0,,,,,5512536
401.47,C19H16FN3O2S2,401.47,NS(=O)(=O)c1ccc(cc1)N1N=C(CC1c1ccc(F)cc1)c1cccs1,,0,,,,,5512538
342.39,C19H22N2O4,342.39,CCCC1=C(C(C(C#N)=C(N)O1)c1ccccc1OC)C(=O)OCC,,0,,,,,6764407
381.25,C18H18Cl2N2O3,381.25,,,0,,,,,6765660
381.25,C18H18Cl2N2O3,381.25,CC1=C(C(C(C#N)=C(N)O1)c1ccc(Cl)cc1Cl)C(=O)OC(C)(C)C,,0,,,,MFCD01571592,6765660
293.37,C19H19NO2,293.37,COc1ccc2[nH]c3c4C=CC(C)(C)Oc4c(C)cc3c2c1,,0,,,,MFCD17167053,7447528
327.34,C21H13NO3,327.34,[O-][N+](=O)c1cccc(C=C2c3ccccc3C(=O)c3ccccc23)c1,,0,,,,,7455698
425.48,C22H20FN3O3S,425.48,,,0,,,,,7685640
425.48,C22H20FN3O3S,425.48,COc1ccc(cc1)C1=NN(C(C1)c1ccc(F)cc1)c1ccc(cc1)S(N)(=O)=O,,0,,,,MFCD05900441,7685640
303.34,C13H13N5O2S,303.34,Cc1nnc2SCC(Nc3ccc4OCCOc4c3)=Nn12,,0,,,,MFCD09064336,9991760
298.3,C16H14N2O4,298.3,COc1ccccc1C(=O)Nc1ccc2OCC(=O)Nc2c1,,0,,,,MFCD10063376,10100572
326.35,C22H14O3,326.35,O=C1c2ccccc2C(=Cc2ccc3OCOc3c2)c2ccccc12,,0,,,,MFCD00087743,13172517
259.25,C11H8F3NOS,259.25,COc1ccc2c(cc(S)nc2c1)C(F)(F)F,,0,,,,MFCD09761187,17135351
319.41,C24H17N,319.41,Cc1ccc2\C(=N/c3cccc4ccccc34)c3ccccc3-c2c1,,0,,,,,26815215
378.38,C21H18N2O5,378.38,COC(=O)CC1=C(C(C(C#N)=C(N)O1)c1cccc2ccccc12)C(=O)OC,,0,,,,MFCD04125294,27478870
385.46,C22H27NO5,385.46,CCCCOc1ccccc1C1C(C(=O)OCC)=C(N)OC2=C1C(=O)CCC2,,0,,,,MFCD03729933,27511260
240.3,C16H16O2,240.3,COc1ccc(cc1C=O)-c1cc(C)cc(C)c1,,0,,,,MFCD09055087,28305327
382.25,C16H17Cl2N5O2,382.25,CC1=C(C(c2ccc(Cl)cc2Cl)n2nnnc2N1)C(=O)OC(C)(C)C,,0,,,,,30572536
270.31,C16H15FN2O,270.31,NC(=O)C(N1CCc2ccccc12)c1ccc(F)cc1,,0,,,,,31866782
324.36,C19H17FN2O2,324.36,CCOc1cc(nc2ccc(NC(C)=O)cc12)-c1ccc(F)cc1,,0,,,,,32717876
261.34,C14H15NO2S,261.34,CS(=O)(=O)c1cccc(c1)C(N)c1ccccc1,,0,,,,MFCD09817373,36910921
226.28,C15H14O2,226.28,COc1ccc(cc1C=O)-c1cccc(C)c1,,0,,,,,38033035
211.31,C15H17N,211.31,Cc1cccc(c1)-c1ccc(CN)cc1C,,0,,,,MFCD21783045,41979126
222.69,C7H10N2O2S:1.00ClH,186.23,Cl.CS(=O)(=O)Nc1cccc(N)c1,,0,,,,MFCD11519399,43482549
399.44,C20H18FN3O3S,399.44,Cc1ccc(o1)C1=NN(C(C1)c1ccc(F)cc1)c1ccc(cc1)S(N)(=O)=O,,0,,,,,48610056
325.45,C24H23N,325.45,CN(C)c1ccccc1C=C1c2ccccc2CCc2ccccc12,,0,,,,MFCD27952647,49843281
325.45,C24H23N,325.45,,,0,,,,,49843283
325.45,C24H23N,325.45,,,0,,,,,49843283
325.45,C24H23N,325.45,CN(C)c1cccc(C=C2c3ccccc3CCc3ccccc23)c1,,0,,,,MFCD27952648,49843283
325.45,C24H23N,325.45,,,0,,,,,49843285
325.45,C24H23N,325.45,CN(C)c1ccc(C=C2c3ccccc3CCc3ccccc23)cc1,,0,,,,MFCD27952649,49843285
486.38,C22H20BrN3O3S,486.38,COc1cccc(c1)C1=NN(C(C1)c1ccc(Br)cc1)c1ccc(cc1)S(N)(=O)=O,,0,,,,MFCD28009507,50428149
282.26,C15H13F3O2,282.26,CCOC(=O)Cc1ccc2c(cccc2c1)C(F)(F)F,,0,,,,MFCD18414546,53989349
404.48,C20H24N2O5S,404.48,CCCOc1c(OC)cccc1C1N2C(=O)CSC2=NC(C)=C1C(=O)OCC,,0,,,,MFCD30707349,54853124
260.31,C13H12N2O2S,260.31,Cn1c2ccccc2c2cc(ccc12)S(N)(=O)=O,,0,,,,MFCD29762920,75509390
331.43,C18H21NO3S,331.43,Cc1cc(C)c(c(C)c1)S(=O)(=O)N[C@@H]1[C@H](O)Cc2ccccc12,,0,,,,,227981948
286.3,C14H17F3N2O,286.3,CC(C)(N)CNC(=O)\C=C\c1cccc(c1)C(F)(F)F,,0,,,,,301789149
244.26,C15H13FO2,244.26,COc1ccc(cc1C=O)-c1ccc(F)c(C)c1,,0,,,,,314068385
242.27,C15H14O3,242.27,COc1cccc(c1)-c1ccc(OC)c(C=O)c1,,0,,,,,315211689
210.28,C15H14O,210.28,Cc1cccc(c1)-c1ccc(C=O)cc1C,,0,,,,,315560135
331.43,C18H21NO3S,331.43,Cc1cc(C)c(c(C)c1)S(=O)(=O)N[C@H]1[C@@H](O)Cc2ccccc12,,0,,,,,317503667
260.26,C13H15F3O2,260.26,CCOc1cc(C(C)=O)c(cc1CC)C(F)(F)F,,0,,,,,317552247
