target_chembl_id,smiles,original_smiles,pchembl_value,assay_chembl_id,assay_description,activity_id,assay_type,standard_type,confidence_score,standard_relation,target_organism,molecule_chembl_id,document_chembl_id,assay_tissue,assay_cell_type,relationship_description,variant_sequence,indication_class,max_phase,oral,prodrug,withdrawn_flag,might_rancemic,pchembl_value_mean,pchembl_value_std,pchembl_value_median,pchembl_value_mad,pchembl_value_counts,QSPRID,pchembl_value_median_original,Split_IsTrain
CHEMBL1994,CC(O)C1CCC2C3CCC4=CC(=O)CCC4(C)C3CCC12C(=O)C=[N+]=[N-],C[C@@H](O)C1CC[C@H]2[C@@H]3CCC4=CC(=O)CCC4(C)[C@H]3CCC12C(=O)C=[N+]=[N-],6.050000190734863,CHEMBL654294,Inhibition of 10e-9 M aldosterone activity in CV-1 cells expressing mineralocorticoid receptor,1077734,F,IC50,9,=,Homo sapiens,CHEMBL2112398,CHEMBL1129684,,CV-1,Direct protein target assigned,,,,False,-1,False,False,,,6.050000190734863,,,NR3C2_IC50Ki_001,6.050000190734863,True
CHEMBL1994,CC1=CC(C)(C)Nc2ccc3c(c21)C(=Cc1ccsc1)Oc1ccc(F)cc1-3,CC1=CC(C)(C)Nc2ccc3c(c21)/C(=C/c1ccsc1)Oc1ccc(F)cc1-3,5.71999979019165,CHEMBL729167,Inhibitory activity against human Mineralocorticoid receptor,32675,B,IC50,9,=,Homo sapiens,CHEMBL134277,CHEMBL1145087,,,Direct protein target assigned,,,,False,-1,False,False,,,5.71999979019165,,,NR3C2_IC50Ki_023,5.71999979019165,True
CHEMBL1994,CC1=CC(C)(C)Nc2ccc3c(c21)COc1ccc([N+](=O)[O-])cc1-3,CC1=CC(C)(C)Nc2ccc3c(c21)COc1ccc([N+](=O)[O-])cc1-3,5.71999979019165,CHEMBL729172,Inhibition of antagonist activity towards mineralocorticoid receptor (hMR),858526,F,IC50,9,=,Homo sapiens,CHEMBL64294,CHEMBL1144945,,,Direct protein target assigned,,,,False,-1,False,False,,,5.71999979019165,,,NR3C2_IC50Ki_030,5.71999979019165,True
CHEMBL1994,COc1cccc2c1-c1ccc(NS(C)(=O)=O)cc1C(c1cccc(F)c1)O2,COc1cccc2c1-c1ccc(NS(C)(=O)=O)cc1C(c1cccc(F)c1)O2,6.170000076293945,CHEMBL728558,Displacement of [3H]aldosterone from human Mineralocorticoid receptor,613409,B,IC50,9,=,Homo sapiens,CHEMBL65354,CHEMBL1147539,,,Direct protein target assigned,,,,False,-1,False,False,,,6.170000076293945,,,NR3C2_IC50Ki_039,6.170000076293945,True
CHEMBL1994,CS(=O)(=O)Nc1ccc2c(c1)C(c1ccccc1)Oc1cccc(OC(F)F)c1-2,CS(=O)(=O)Nc1ccc2c(c1)C(c1ccccc1)Oc1cccc(OC(F)F)c1-2,6.789999961853027,CHEMBL728558,Displacement of [3H]aldosterone from human Mineralocorticoid receptor,621124,B,IC50,9,=,Homo sapiens,CHEMBL65221,CHEMBL1147539,,,Direct protein target assigned,,,,False,-1,False,False,,,6.789999961853027,,,NR3C2_IC50Ki_044,6.789999961853027,True
CHEMBL1994,C#CC1(O)CCC2C3CCC4=CC(=O)CCC4=C3C(c3ccc(N(C)CCNC(=O)OC4CC5CC(O)CCC5(C)C5CC(O)C6(C)C(C(C)CCC(=O)O)CCC6C45)cc3)CC21C,C#C[C@]1(O)CC[C@H]2[C@@H]3CCC4=CC(=O)CCC4=C3[C@@H](c3ccc(N(C)CCNC(=O)O[C@@H]4C[C@@H]5CC(O)CC[C@]5(C)[C@H]5C[C@H](O)[C@]6(C)[C@@H]([C@H](C)CCC(=O)O)CC[C@H]6[C@H]45)cc3)C[C@@]21C,6.510000228881836,CHEMBL839923,Inhibition of human Mineralocorticoid receptor,1463792,B,Ki,9,=,Homo sapiens,CHEMBL414041,CHEMBL1138676,,,Direct protein target assigned,,,,False,-1,False,False,,,6.510000228881836,,,NR3C2_IC50Ki_066,6.510000228881836,True
CHEMBL1994,Cc1c(NS(C)(=O)=O)cccc1N(Cc1ccccc1)Cc1ccc(Oc2ccc(OCC(=O)O)cc2)cc1,Cc1c(NS(C)(=O)=O)cccc1N(Cc1ccccc1)Cc1ccc(Oc2ccc(OCC(=O)O)cc2)cc1,6.159999847412109,CHEMBL828398,Inhibition of human mineralocorticoid receptor,1493841,B,IC50,9,=,Homo sapiens,CHEMBL190225,CHEMBL1141148,,,Direct protein target assigned,,,,False,-1,False,False,,,6.159999847412109,,,NR3C2_IC50Ki_067,6.159999847412109,True
CHEMBL1994,Cc1c(NS(C)(=O)=O)cccc1N(Cc1ccccc1)Cc1ccc(Oc2cccc(OCCCC(=O)NCCCC(=O)O)c2)cc1,Cc1c(NS(C)(=O)=O)cccc1N(Cc1ccccc1)Cc1ccc(Oc2cccc(OCCCC(=O)NCCCC(=O)O)c2)cc1,6.920000076293945,CHEMBL828398,Inhibition of human mineralocorticoid receptor,1495751,B,IC50,9,=,Homo sapiens,CHEMBL185265,CHEMBL1141148,,,Direct protein target assigned,,,,False,-1,False,False,,,6.920000076293945,,,NR3C2_IC50Ki_070,6.920000076293945,True
CHEMBL1994,CC(C)(CC(O)(C(=O)Nc1ccc2c(c1)COC2=O)C(F)(F)F)c1ccccc1,CC(C)(CC(O)(C(=O)Nc1ccc2c(c1)COC2=O)C(F)(F)F)c1ccccc1,6.670000076293945,CHEMBL880258,Binding affinity towards mineralocorticoid receptor using fluorescence polarization competitive binding assay,1600917,B,IC50,9,=,Homo sapiens,CHEMBL196067,CHEMBL1143464,,,Direct protein target assigned,,,,False,-1,False,False,,,6.670000076293945,,,NR3C2_IC50Ki_072,6.670000076293945,True
CHEMBL1994,CC(C)(CC(O)(Cc1ccccc1)C(=O)Nc1ccc2c(c1)COC2=O)c1ccccc1,CC(C)(CC(O)(Cc1ccccc1)C(=O)Nc1ccc2c(c1)COC2=O)c1ccccc1,6.800000190734863,CHEMBL880258,Binding affinity towards mineralocorticoid receptor using fluorescence polarization competitive binding assay,1600961,B,IC50,9,=,Homo sapiens,CHEMBL197161,CHEMBL1143464,,,Direct protein target assigned,,,,False,-1,False,False,,,6.800000190734863,,,NR3C2_IC50Ki_076,6.800000190734863,True
CHEMBL1994,COc1ccc(F)cc1C(C)(C)CC(O)(Cn1cc(C)c(=O)c(C)c1)C(F)(F)F,COc1ccc(F)cc1C(C)(C)CC(O)(Cn1cc(C)c(=O)c(C)c1)C(F)(F)F,5.71999979019165,CHEMBL909351,Inhibition of tetramethylrhodamine labeled dexamethasone binding to MR by FP assay,1799378,B,IC50,8,=,Homo sapiens,CHEMBL219015,CHEMBL1138857,,,Homologous protein target assigned,,,,False,-1,False,False,,,5.71999979019165,,,NR3C2_IC50Ki_086,5.71999979019165,True
CHEMBL1994,COc1ccc(C)c(C(C)(C)CC(O)(Cn2ccc(=O)c3ccccc32)C(F)(F)F)c1,COc1ccc(C)c(C(C)(C)CC(O)(Cn2ccc(=O)c3ccccc32)C(F)(F)F)c1,7.039999961853027,CHEMBL909351,Inhibition of tetramethylrhodamine labeled dexamethasone binding to MR by FP assay,1799455,B,IC50,8,=,Homo sapiens,CHEMBL219561,CHEMBL1138857,,,Homologous protein target assigned,,,,False,-1,False,False,,,7.039999961853027,,,NR3C2_IC50Ki_096,7.039999961853027,True
CHEMBL1994,CC(Cc1c[nH]c2ccccc12)NS(=O)(=O)c1cc(Cl)c(Cl)cc1Cl,CC(Cc1c[nH]c2ccccc12)NS(=O)(=O)c1cc(Cl)c(Cl)cc1Cl,6.0,CHEMBL890123,Inhibition of human MR,1959086,B,IC50,9,=,Homo sapiens,CHEMBL232250,CHEMBL1146304,,,Direct protein target assigned,,,,False,-1,False,False,,,6.0,,,NR3C2_IC50Ki_110,6.0,True
CHEMBL1994,COCc1ccsc1C=C1Oc2ccc(O)c(OC)c2-c2ccc3c(c21)C(C)=CC(C)(C)N3,COCc1ccsc1/C=C1\Oc2ccc(O)c(OC)c2-c2ccc3c(c21)C(C)=CC(C)(C)N3,8.0,CHEMBL896164,Binding affinity to MR,1926540,B,Ki,8,=,Homo sapiens,CHEMBL395716,CHEMBL1148778,,,Homologous protein target assigned,,,,False,-1,False,False,,,8.0,,,NR3C2_IC50Ki_120,8.0,True
CHEMBL1994,COc1ccc(F)cc1C(C)(C)CC(O)(Cc1cc(Cl)cc(Cl)c1)C(F)(F)F,COc1ccc(F)cc1C(C)(C)CC(O)(Cc1cc(Cl)cc(Cl)c1)C(F)(F)F,6.119999885559082,CHEMBL899207,Displacement of TAMRA labeled mifepristone at human mineralocorticoid receptor in insect cell,1981500,B,IC50,9,=,Homo sapiens,CHEMBL235480,CHEMBL1149697,,,Direct protein target assigned,,,,False,-1,False,False,,,6.119999885559082,,,NR3C2_IC50Ki_137,6.119999885559082,True
CHEMBL1994,COc1ccc(F)cc1C(C)(C)CC(O)(Cc1cc(Cl)cc(C#N)c1)C(F)(F)F,COc1ccc(F)cc1C(C)(C)CC(O)(Cc1cc(Cl)cc(C#N)c1)C(F)(F)F,6.139999866485596,CHEMBL899207,Displacement of TAMRA labeled mifepristone at human mineralocorticoid receptor in insect cell,1981508,B,IC50,9,=,Homo sapiens,CHEMBL235689,CHEMBL1149697,,,Direct protein target assigned,,,,False,-1,False,False,,,6.139999866485596,,,NR3C2_IC50Ki_139,6.139999866485596,True
CHEMBL1994,COC(=O)C1=C(C)NC(C)=C(C(=O)OC(C)(C)C)C1c1cccc(O)c1,COC(=O)C1=C(C)NC(C)=C(C(=O)OC(C)(C)C)C1c1cccc(O)c1,5.550000190734863,CHEMBL1219573,Antagonist activity at mineralocorticoid receptor LBD expressed in human HUH7 cells coexpressing GAL4 by luciferase reporter gene assay,3403402,F,IC50,8,=,Homo sapiens,CHEMBL1215191,CHEMBL1212896,,Huh-7,Homologous protein target assigned,,,,False,-1,False,False,,,5.550000190734863,,,NR3C2_IC50Ki_174,5.550000190734863,True
CHEMBL1994,COC(=O)C1=C(Cc2ccccc2)NC(C)=C(C#N)C1c1ccccc1Cl,COC(=O)C1=C(Cc2ccccc2)NC(C)=C(C#N)C1c1ccccc1Cl,6.070000171661377,CHEMBL1219573,Antagonist activity at mineralocorticoid receptor LBD expressed in human HUH7 cells coexpressing GAL4 by luciferase reporter gene assay,3403427,F,IC50,8,=,Homo sapiens,CHEMBL1215484,CHEMBL1212896,,Huh-7,Homologous protein target assigned,,,,False,-1,False,False,,,6.070000171661377,,,NR3C2_IC50Ki_198,6.070000171661377,True
CHEMBL1994,N#Cc1ccc(N2N=C(c3ccc(C(=O)O)cc3)CC2c2ccc(F)cc2)cc1F,N#Cc1ccc(N2N=C(c3ccc(C(=O)O)cc3)CC2c2ccc(F)cc2)cc1F,6.610000133514404,CHEMBL1219662,Antagonist activity at Gal4-tagged mineralocorticoid receptor expressed in human Huh7 cells by luciferase reporter gene assay,3403544,F,IC50,8,=,Homo sapiens,CHEMBL1214766,CHEMBL1212897,,Huh-7,Homologous protein target assigned,,,,False,-1,False,False,,,6.610000133514404,,,NR3C2_IC50Ki_213,6.610000133514404,True
CHEMBL1994,N#Cc1ccc(N2N=C(c3ccc(C(=O)O)cc3)CC2c2ccc(F)cc2)c(Cl)c1,N#Cc1ccc(N2N=C(c3ccc(C(=O)O)cc3)CC2c2ccc(F)cc2)c(Cl)c1,6.550000190734863,CHEMBL1219662,Antagonist activity at Gal4-tagged mineralocorticoid receptor expressed in human Huh7 cells by luciferase reporter gene assay,3403547,F,IC50,8,=,Homo sapiens,CHEMBL1214840,CHEMBL1212897,,Huh-7,Homologous protein target assigned,,,,False,-1,False,False,,,6.550000190734863,,,NR3C2_IC50Ki_215,6.550000190734863,True
CHEMBL1994,N#Cc1ccc(N2N=C3c4ccc(C(=O)O)cc4CCC3C2C2CCCC2)cc1OCc1ccccc1,N#Cc1ccc(N2N=C3c4ccc(C(=O)O)cc4CC[C@@H]3[C@@H]2C2CCCC2)cc1OCc1ccccc1,6.309999942779541,CHEMBL1219662,Antagonist activity at Gal4-tagged mineralocorticoid receptor expressed in human Huh7 cells by luciferase reporter gene assay,3403588,F,IC50,8,=,Homo sapiens,CHEMBL1215553,CHEMBL1212897,,Huh-7,Homologous protein target assigned,,,,False,-1,False,False,,,6.309999942779541,,,NR3C2_IC50Ki_244,6.309999942779541,True
CHEMBL1994,COc1ccc(F)cc1C(C)(C)CC(O)(Cn1ccc2ncccc21)C(F)(F)F,COc1ccc(F)cc1C(C)(C)CC(O)(Cn1ccc2ncccc21)C(F)(F)F,7.320000171661377,CHEMBL1250866,Binding affinity to mineralocorticoid receptor expressed in baculovirus-infected insect cells using tetramethylrhodamine labeled Dexamethasone by fluorescence polarization microplate assay,3470296,B,IC50,8,=,Homo sapiens,CHEMBL1254994,CHEMBL1250518,,,Homologous protein target assigned,,,,False,-1,False,False,,,7.320000171661377,,,NR3C2_IC50Ki_247,7.320000171661377,True
CHEMBL1994,COc1ccc(F)cc1C(C)(C)CC(O)(Cc1cc2c(C#N)cccc2[nH]1)C(F)(F)F,COc1ccc(F)cc1C(C)(C)CC(O)(Cc1cc2c(C#N)cccc2[nH]1)C(F)(F)F,6.650000095367432,CHEMBL1913332,Displacement of tetramethylrhodamine-labeled Dexamethasone from human recombinant mineralocorticoid receptor expressed in baculovirus infected insect cells by fluorescence polarization assay,7851759,B,IC50,9,=,Homo sapiens,CHEMBL1911644,CHEMBL1909618,,,Direct protein target assigned,,,,False,-1,False,False,,,6.650000095367432,,,NR3C2_IC50Ki_286,6.650000095367432,True
CHEMBL1994,CC(C)(CC(O)(Cc1cc2ccccc2[nH]1)C(F)(F)F)c1cc(C#N)cc2c1OCC2,CC(C)(CC(O)(Cc1cc2ccccc2[nH]1)C(F)(F)F)c1cc(C#N)cc2c1OCC2,6.389999866485596,CHEMBL1913332,Displacement of tetramethylrhodamine-labeled Dexamethasone from human recombinant mineralocorticoid receptor expressed in baculovirus infected insect cells by fluorescence polarization assay,7851774,B,IC50,9,=,Homo sapiens,CHEMBL1911659,CHEMBL1909618,,,Direct protein target assigned,,,,False,-1,False,False,,,6.389999866485596,,,NR3C2_IC50Ki_298,6.389999866485596,True
CHEMBL1994,CC(C)(CC(O)(Cc1cc2ccccc2[nH]1)C(F)(F)F)c1cc(S(C)(=O)=O)cc2c1OCC2,CC(C)(CC(O)(Cc1cc2ccccc2[nH]1)C(F)(F)F)c1cc(S(C)(=O)=O)cc2c1OCC2,6.210000038146973,CHEMBL1913332,Displacement of tetramethylrhodamine-labeled Dexamethasone from human recombinant mineralocorticoid receptor expressed in baculovirus infected insect cells by fluorescence polarization assay,7851775,B,IC50,9,=,Homo sapiens,CHEMBL1911660,CHEMBL1909618,,,Direct protein target assigned,,,,False,-1,False,False,,,6.210000038146973,,,NR3C2_IC50Ki_299,6.210000038146973,True
CHEMBL1994,O=C1COc2ccc(C3=Nn4cnnc4SC3c3cccc(F)c3)cc2N1,O=C1COc2ccc(C3=Nn4cnnc4SC3c3cccc(F)c3)cc2N1,6.510000228881836,CHEMBL1929756,Displacement of [3H]aldosterone from cytosolic human MR expressed in HEK293 cells after 16 hrs by scintillation counting,7969235,B,IC50,9,=,Homo sapiens,CHEMBL1928875,CHEMBL1926625,,HEK293,Direct protein target assigned,,,,False,-1,False,False,,,6.510000228881836,,,NR3C2_IC50Ki_306,6.510000228881836,True
CHEMBL1994,CCc1cc(-c2ccc3c(c2)NC(=O)CO3)n(-c2ccc(F)cc2)n1,CCc1cc(-c2ccc3c(c2)NC(=O)CO3)n(-c2ccc(F)cc2)n1,6.019999980926514,CHEMBL1929756,Displacement of [3H]aldosterone from cytosolic human MR expressed in HEK293 cells after 16 hrs by scintillation counting,7969243,B,IC50,9,=,Homo sapiens,CHEMBL1928883,CHEMBL1926625,,HEK293,Direct protein target assigned,,,,False,-1,False,False,,,6.019999980926514,,,NR3C2_IC50Ki_312,6.019999980926514,True
CHEMBL1994,O=C1COc2ccc(-c3cc(CO)nn3-c3ccc(F)cc3)cc2N1,O=C1COc2ccc(-c3cc(CO)nn3-c3ccc(F)cc3)cc2N1,5.170000076293945,CHEMBL1929756,Displacement of [3H]aldosterone from cytosolic human MR expressed in HEK293 cells after 16 hrs by scintillation counting,7969248,B,IC50,9,=,Homo sapiens,CHEMBL1929030,CHEMBL1926625,,HEK293,Direct protein target assigned,,,,False,-1,False,False,,,5.170000076293945,,,NR3C2_IC50Ki_316,5.170000076293945,True
CHEMBL1994,CCc1ccccc1-n1nc(C(F)(F)F)cc1-c1ccc2c(c1)NC(=O)CO2,CCc1ccccc1-n1nc(C(F)(F)F)cc1-c1ccc2c(c1)NC(=O)CO2,6.159999847412109,CHEMBL1929756,Displacement of [3H]aldosterone from cytosolic human MR expressed in HEK293 cells after 16 hrs by scintillation counting,7970146,B,IC50,9,=,Homo sapiens,CHEMBL1929038,CHEMBL1926625,,HEK293,Direct protein target assigned,,,,False,-1,False,False,,,6.159999847412109,,,NR3C2_IC50Ki_323,6.159999847412109,True
CHEMBL1994,CC(c1ccc(F)cc1)N1C(=O)OC(Cc2ccc(F)cc2)(C(=O)NCc2ccc(Cl)c(Cl)c2)C1=O,C[C@H](c1ccc(F)cc1)N1C(=O)O[C@](Cc2ccc(F)cc2)(C(=O)NCc2ccc(Cl)c(Cl)c2)C1=O,6.75,CHEMBL2411354,Antagonist activity at human mineralocorticoid receptor assessed as inhibition of binding to coactivator peptide by NH Pro assay,13393491,B,IC50,9,=,Homo sapiens,CHEMBL2407651,CHEMBL2407028,,,Direct protein target assigned,,,,False,-1,False,False,,,6.75,,,NR3C2_IC50Ki_328,6.75,True
CHEMBL1994,COc1cc(CNC(=O)C2(Cc3ccccc3)OC(=O)N(C3CCCc4ccccc43)C2=O)cc(OC)c1,COc1cc(CNC(=O)[C@@]2(Cc3ccccc3)OC(=O)N(C3CCCc4ccccc43)C2=O)cc(OC)c1,6.769999980926514,CHEMBL2411354,Antagonist activity at human mineralocorticoid receptor assessed as inhibition of binding to coactivator peptide by NH Pro assay,13393494,B,IC50,9,=,Homo sapiens,CHEMBL2407648,CHEMBL2407028,,,Direct protein target assigned,,,,False,-1,False,False,,,6.769999980926514,,,NR3C2_IC50Ki_331,6.769999980926514,True
CHEMBL1994,Cc1cc(C)c(S(=O)(=O)NC(Cc2c[nH]c3cccc(C)c23)C(F)(F)F)c(C)c1,Cc1cc(C)c(S(=O)(=O)NC(Cc2c[nH]c3cccc(C)c23)C(F)(F)F)c(C)c1,7.099999904632568,CHEMBL3096917,Binding affinity to mineralocorticoid receptor (unknown origin) by fluorescence polarization competitive binding assay,13845381,B,IC50,9,=,Homo sapiens,CHEMBL3093445,CHEMBL3091451,,,Direct protein target assigned,,,,False,-1,False,False,,,7.099999904632568,,,NR3C2_IC50Ki_426,7.099999904632568,True
CHEMBL1994,Cc1cc(C)c(S(=O)(=O)NC(Cn2cc(C#N)c3ccccc32)C(F)(F)F)c(C)c1,Cc1cc(C)c(S(=O)(=O)NC(Cn2cc(C#N)c3ccccc32)C(F)(F)F)c(C)c1,7.190000057220459,CHEMBL3096917,Binding affinity to mineralocorticoid receptor (unknown origin) by fluorescence polarization competitive binding assay,13845386,B,IC50,9,=,Homo sapiens,CHEMBL3093456,CHEMBL3091451,,,Direct protein target assigned,,,,False,-1,False,False,,,7.190000057220459,,,NR3C2_IC50Ki_430,7.190000057220459,True
CHEMBL1994,CCC(Cc1ccc(O)c(C)c1)NS(=O)(=O)c1c(C)cc(C)cc1C,CC[C@@H](Cc1ccc(O)c(C)c1)NS(=O)(=O)c1c(C)cc(C)cc1C,5.639999866485596,CHEMBL3097675,Inhibition of mineralocorticoid receptor (unknown origin) expressed in baculovirus-infected insect cells by fluorescence polarization assay,13858111,B,IC50,9,=,Homo sapiens,CHEMBL3094467,CHEMBL3091417,,,Direct protein target assigned,,,,False,-1,False,False,,,5.639999866485596,,,NR3C2_IC50Ki_431,5.639999866485596,True
CHEMBL1994,CCC(Cc1ccc(O)cc1C)NS(=O)(=O)c1c(C)cc(C)cc1C,CC[C@@H](Cc1ccc(O)cc1C)NS(=O)(=O)c1c(C)cc(C)cc1C,6.0,CHEMBL3097675,Inhibition of mineralocorticoid receptor (unknown origin) expressed in baculovirus-infected insect cells by fluorescence polarization assay,13858112,B,IC50,9,=,Homo sapiens,CHEMBL3094487,CHEMBL3091417,,,Direct protein target assigned,,,,False,-1,False,False,,,6.0,,,NR3C2_IC50Ki_432,6.0,True
CHEMBL1994,CCC(Cc1ccccc1C)NS(=O)(=O)c1c(C)cc(C)cc1C,CCC(Cc1ccccc1C)NS(=O)(=O)c1c(C)cc(C)cc1C,6.159999847412109,CHEMBL3097675,Inhibition of mineralocorticoid receptor (unknown origin) expressed in baculovirus-infected insect cells by fluorescence polarization assay,13858130,B,IC50,9,=,Homo sapiens,CHEMBL3094469,CHEMBL3091417,,,Direct protein target assigned,,,,False,-1,False,False,,,6.159999847412109,,,NR3C2_IC50Ki_448,6.159999847412109,True
CHEMBL1994,CC(c1ccccc1)N1C(=O)OC(Cc2ccccc2)(c2nc(-c3ccccc3)co2)C1=O,C[C@H](c1ccccc1)N1C(=O)O[C@](Cc2ccccc2)(c2nc(-c3ccccc3)co2)C1=O,5.769999980926514,CHEMBL3241715,Antagonist activity at mineralocorticoid receptor (unknown origin) by PathHunter assay,14566207,B,IC50,9,=,Homo sapiens,CHEMBL3234845,CHEMBL3232811,,,Direct protein target assigned,,,,False,-1,False,False,,,5.769999980926514,,,NR3C2_IC50Ki_462,5.769999980926514,True
CHEMBL1994,COc1cc(OC)cc(-c2cnc(C3(Cc4ccccc4)OC(=O)N(C(C)c4ccccc4)C3=O)[nH]2)c1,COc1cc(OC)cc(-c2cnc([C@@]3(Cc4ccccc4)OC(=O)N([C@H](C)c4ccccc4)C3=O)[nH]2)c1,7.170000076293945,CHEMBL3241715,Antagonist activity at mineralocorticoid receptor (unknown origin) by PathHunter assay,14566212,B,IC50,9,=,Homo sapiens,CHEMBL3234850,CHEMBL3232811,,,Direct protein target assigned,,,,False,-1,False,False,,,7.170000076293945,,,NR3C2_IC50Ki_467,7.170000076293945,True
CHEMBL1994,Cc1ccc(F)cc1C(C)(C)CC(O)(Cc1cc2cnccc2[nH]1)C1CC1,Cc1ccc(F)cc1C(C)(C)CC(O)(Cc1cc2cnccc2[nH]1)C1CC1,5.809999942779541,CHEMBL3241425,Displacement of TAMRA-labeled dexamethasone from mineralocorticoid receptor (unknown origin) by fluorescence polarization assay,14566758,B,IC50,9,=,Homo sapiens,CHEMBL3233280,CHEMBL3232739,,,Direct protein target assigned,,,,False,-1,False,False,,,5.809999942779541,,,NR3C2_IC50Ki_487,5.809999942779541,True
CHEMBL1994,COc1nc(C2=NN(c3ccc(C#N)c(C)n3)C(C3CCCC3)C2)ccc1C(N)=O,COc1nc(C2=NN(c3ccc(C#N)c(C)n3)[C@@H](C3CCCC3)C2)ccc1C(N)=O,8.369999885559082,CHEMBL3265996,Antagonist activity at mineralocorticoid receptor (unknown origin) by Gal4-based cellular assay,14658179,B,IC50,9,=,Homo sapiens,CHEMBL3263763,CHEMBL3259597,,,Direct protein target assigned,,,,False,-1,False,False,,,8.369999885559082,,,NR3C2_IC50Ki_499,8.369999885559082,True
CHEMBL1994,COc1nc(C2=NN(c3ccc(C#N)c(C)n3)C(C3CCCC3)C2)ccc1C(=O)N(C)C,COc1nc(C2=NN(c3ccc(C#N)c(C)n3)[C@@H](C3CCCC3)C2)ccc1C(=O)N(C)C,8.029999732971191,CHEMBL3265996,Antagonist activity at mineralocorticoid receptor (unknown origin) by Gal4-based cellular assay,14658181,B,IC50,9,=,Homo sapiens,CHEMBL3263765,CHEMBL3259597,,,Direct protein target assigned,,,,False,-1,False,False,,,8.029999732971191,,,NR3C2_IC50Ki_501,8.029999732971191,True
CHEMBL1994,CC(c1ccc(F)cc1)N1C(=O)OC(Cc2ccccc2)(c2nc3c(-c4ccncc4)cccc3[nH]2)C1=O,C[C@H](c1ccc(F)cc1)N1C(=O)O[C@](Cc2ccccc2)(c2nc3c(-c4ccncc4)cccc3[nH]2)C1=O,6.639999866485596,CHEMBL3578998,Antagonist activity at human mineralocorticoid receptor overexpressed in CHOK1 cells assessed as inhibition of aldosterone-induced protein interaction with coactivator peptide after 6 hrs by luminescence assay,15601429,B,IC50,9,=,Homo sapiens,CHEMBL3578300,CHEMBL3576820,,CHO-K1,Direct protein target assigned,,,,False,-1,False,False,,,6.639999866485596,,,NR3C2_IC50Ki_507,6.639999866485596,True
CHEMBL1994,CC(=O)Nc1cccc2[nH]c(C3(Cc4ccccc4)OC(=O)N(C(C)c4ccc(F)cc4)C3=O)nc12,CC(=O)Nc1cccc2[nH]c([C@@]3(Cc4ccccc4)OC(=O)N([C@H](C)c4ccc(F)cc4)C3=O)nc12,5.960000038146973,CHEMBL3578998,Antagonist activity at human mineralocorticoid receptor overexpressed in CHOK1 cells assessed as inhibition of aldosterone-induced protein interaction with coactivator peptide after 6 hrs by luminescence assay,15601435,B,IC50,9,=,Homo sapiens,CHEMBL3578294,CHEMBL3576820,,CHO-K1,Direct protein target assigned,,,,False,-1,False,False,,,5.960000038146973,,,NR3C2_IC50Ki_513,5.960000038146973,True
CHEMBL1994,Cc1nocc1-c1ccc2[nH]c(C3(Cc4ccccc4)OC(=O)N(C(C)c4ccc(F)cc4)C3=O)nc2c1,Cc1nocc1-c1ccc2[nH]c([C@@]3(Cc4ccccc4)OC(=O)N([C@H](C)c4ccc(F)cc4)C3=O)nc2c1,7.409999847412109,CHEMBL3578998,Antagonist activity at human mineralocorticoid receptor overexpressed in CHOK1 cells assessed as inhibition of aldosterone-induced protein interaction with coactivator peptide after 6 hrs by luminescence assay,15601445,B,IC50,9,=,Homo sapiens,CHEMBL3578284,CHEMBL3576820,,CHO-K1,Direct protein target assigned,,,,False,-1,False,False,,,7.409999847412109,,,NR3C2_IC50Ki_523,7.409999847412109,True
CHEMBL1994,CC(c1ccc(F)cc1)N1C(=O)OC(Cc2ccccc2)(c2nc3cc(C#N)ccc3[nH]2)C1=O,C[C@H](c1ccc(F)cc1)N1C(=O)O[C@](Cc2ccccc2)(c2nc3cc(C#N)ccc3[nH]2)C1=O,6.380000114440918,CHEMBL3578998,Antagonist activity at human mineralocorticoid receptor overexpressed in CHOK1 cells assessed as inhibition of aldosterone-induced protein interaction with coactivator peptide after 6 hrs by luminescence assay,15601451,B,IC50,9,=,Homo sapiens,CHEMBL3578279,CHEMBL3576820,,CHO-K1,Direct protein target assigned,,,,False,-1,False,False,,,6.380000114440918,,,NR3C2_IC50Ki_529,6.380000114440918,True
CHEMBL1994,CNC(=O)c1ccc2[nH]c(C3(Cc4ccccc4)OC(=O)N(C(C)c4ccc(F)cc4)C3=O)nc2c1,CNC(=O)c1ccc2[nH]c([C@@]3(Cc4ccccc4)OC(=O)N([C@H](C)c4ccc(F)cc4)C3=O)nc2c1,6.400000095367432,CHEMBL3578998,Antagonist activity at human mineralocorticoid receptor overexpressed in CHOK1 cells assessed as inhibition of aldosterone-induced protein interaction with coactivator peptide after 6 hrs by luminescence assay,15601452,B,IC50,9,=,Homo sapiens,CHEMBL3578278,CHEMBL3576820,,CHO-K1,Direct protein target assigned,,,,False,-1,False,False,,,6.400000095367432,,,NR3C2_IC50Ki_530,6.400000095367432,True
CHEMBL1994,CC(c1ccc(F)cc1)N1C(=O)OC(Cc2ccccc2)(c2nc3cc(NS(C)(=O)=O)ccc3[nH]2)C1=O,C[C@H](c1ccc(F)cc1)N1C(=O)O[C@](Cc2ccccc2)(c2nc3cc(NS(C)(=O)=O)ccc3[nH]2)C1=O,6.659999847412109,CHEMBL3578998,Antagonist activity at human mineralocorticoid receptor overexpressed in CHOK1 cells assessed as inhibition of aldosterone-induced protein interaction with coactivator peptide after 6 hrs by luminescence assay,15601454,B,IC50,9,=,Homo sapiens,CHEMBL3578276,CHEMBL3576820,,CHO-K1,Direct protein target assigned,,,,False,-1,False,False,,,6.659999847412109,,,NR3C2_IC50Ki_532,6.659999847412109,True
CHEMBL1994,NC(=O)Nc1cc(-c2ccnn2-c2nccs2)ccn1,NC(=O)Nc1cc(-c2ccnn2-c2nccs2)ccn1,5.110000133514404,CHEMBL3705363,"Competitive Molecular Binding Assay: The MR competitive binding assay is based on the binding and displacement of a TAMRA-labeled Dexamethasone probe with fluorescence polarization (FP) detection. The assay is performed in 384-well, low volume NBS black plates (Corning #3676) in assay buffer consisting of 10 mM TES, pH 7.4, 50 mM KCl, 20 mM Sodium molybdate, 1.5 mM EDTA, 0.04% CHAPS, 10% Glycerol and 1 mM DTT. Full Length human mineralocorticoid receptor (hMR) present in a baculovirus infected insect cell lysate is diluted 2 fold in assay buffer and 10 μL of this dilution is added to the assay plate. Blank wells receive 10 μL of the diluted MR lysate containing 3 μM Dexamethasone. 2 μL diluted test compound is transferred to the assay plate for a final starting top concentration of 10 μM in 1% DMSO. The reaction is started by adding 3 μL of 25 nM probe in assay buffer for a final assay concentration of 5 nM.",17633065,B,IC50,9,=,Homo sapiens,CHEMBL3643665,CHEMBL3638806,,,Direct protein target assigned,,,,False,-1,False,False,,,5.110000133514404,,,NR3C2_IC50Ki_570,5.110000133514404,True
CHEMBL1994,NC(=O)Nc1cc(-c2ccnn2-c2ccc(F)cc2Cl)ccn1,NC(=O)Nc1cc(-c2ccnn2-c2ccc(F)cc2Cl)ccn1,6.71999979019165,CHEMBL3705363,"Competitive Molecular Binding Assay: The MR competitive binding assay is based on the binding and displacement of a TAMRA-labeled Dexamethasone probe with fluorescence polarization (FP) detection. The assay is performed in 384-well, low volume NBS black plates (Corning #3676) in assay buffer consisting of 10 mM TES, pH 7.4, 50 mM KCl, 20 mM Sodium molybdate, 1.5 mM EDTA, 0.04% CHAPS, 10% Glycerol and 1 mM DTT. Full Length human mineralocorticoid receptor (hMR) present in a baculovirus infected insect cell lysate is diluted 2 fold in assay buffer and 10 μL of this dilution is added to the assay plate. Blank wells receive 10 μL of the diluted MR lysate containing 3 μM Dexamethasone. 2 μL diluted test compound is transferred to the assay plate for a final starting top concentration of 10 μM in 1% DMSO. The reaction is started by adding 3 μL of 25 nM probe in assay buffer for a final assay concentration of 5 nM.",17633067,B,IC50,9,=,Homo sapiens,CHEMBL3643667,CHEMBL3638806,,,Direct protein target assigned,,,,False,-1,False,False,,,6.71999979019165,,,NR3C2_IC50Ki_572,6.71999979019165,True
CHEMBL1994,Cc1ccccc1CC(C)(O)c1ccnc(NC(N)=O)c1,Cc1ccccc1CC(C)(O)c1ccnc(NC(N)=O)c1,5.769999980926514,CHEMBL3705363,"Competitive Molecular Binding Assay: The MR competitive binding assay is based on the binding and displacement of a TAMRA-labeled Dexamethasone probe with fluorescence polarization (FP) detection. The assay is performed in 384-well, low volume NBS black plates (Corning #3676) in assay buffer consisting of 10 mM TES, pH 7.4, 50 mM KCl, 20 mM Sodium molybdate, 1.5 mM EDTA, 0.04% CHAPS, 10% Glycerol and 1 mM DTT. Full Length human mineralocorticoid receptor (hMR) present in a baculovirus infected insect cell lysate is diluted 2 fold in assay buffer and 10 μL of this dilution is added to the assay plate. Blank wells receive 10 μL of the diluted MR lysate containing 3 μM Dexamethasone. 2 μL diluted test compound is transferred to the assay plate for a final starting top concentration of 10 μM in 1% DMSO. The reaction is started by adding 3 μL of 25 nM probe in assay buffer for a final assay concentration of 5 nM.",17633085,B,IC50,9,=,Homo sapiens,CHEMBL3643683,CHEMBL3638806,,,Direct protein target assigned,,,,False,-1,False,False,,,5.769999980926514,,,NR3C2_IC50Ki_585,5.769999980926514,True
CHEMBL1994,NC(=O)Nc1cc(CCc2ccccc2)ccn1,NC(=O)Nc1cc(CCc2ccccc2)ccn1,7.429999828338623,CHEMBL3705363,"Competitive Molecular Binding Assay: The MR competitive binding assay is based on the binding and displacement of a TAMRA-labeled Dexamethasone probe with fluorescence polarization (FP) detection. The assay is performed in 384-well, low volume NBS black plates (Corning #3676) in assay buffer consisting of 10 mM TES, pH 7.4, 50 mM KCl, 20 mM Sodium molybdate, 1.5 mM EDTA, 0.04% CHAPS, 10% Glycerol and 1 mM DTT. Full Length human mineralocorticoid receptor (hMR) present in a baculovirus infected insect cell lysate is diluted 2 fold in assay buffer and 10 μL of this dilution is added to the assay plate. Blank wells receive 10 μL of the diluted MR lysate containing 3 μM Dexamethasone. 2 μL diluted test compound is transferred to the assay plate for a final starting top concentration of 10 μM in 1% DMSO. The reaction is started by adding 3 μL of 25 nM probe in assay buffer for a final assay concentration of 5 nM.",17633089,B,IC50,9,=,Homo sapiens,CHEMBL3643687,CHEMBL3638806,,,Direct protein target assigned,,,,False,-1,False,False,,,7.429999828338623,,,NR3C2_IC50Ki_589,7.429999828338623,True
CHEMBL1994,NC(=O)Nc1cc(-c2nc[nH]c2-c2ccc(F)cc2)ccn1,NC(=O)Nc1cc(-c2nc[nH]c2-c2ccc(F)cc2)ccn1,6.070000171661377,CHEMBL3705363,"Competitive Molecular Binding Assay: The MR competitive binding assay is based on the binding and displacement of a TAMRA-labeled Dexamethasone probe with fluorescence polarization (FP) detection. The assay is performed in 384-well, low volume NBS black plates (Corning #3676) in assay buffer consisting of 10 mM TES, pH 7.4, 50 mM KCl, 20 mM Sodium molybdate, 1.5 mM EDTA, 0.04% CHAPS, 10% Glycerol and 1 mM DTT. Full Length human mineralocorticoid receptor (hMR) present in a baculovirus infected insect cell lysate is diluted 2 fold in assay buffer and 10 μL of this dilution is added to the assay plate. Blank wells receive 10 μL of the diluted MR lysate containing 3 μM Dexamethasone. 2 μL diluted test compound is transferred to the assay plate for a final starting top concentration of 10 μM in 1% DMSO. The reaction is started by adding 3 μL of 25 nM probe in assay buffer for a final assay concentration of 5 nM.",17633096,B,IC50,9,=,Homo sapiens,CHEMBL3643694,CHEMBL3638806,,,Direct protein target assigned,,,,False,-1,False,False,,,6.070000171661377,,,NR3C2_IC50Ki_595,6.070000171661377,True
CHEMBL1994,CCC1CC2=CC(=O)CCC2C2CCC3(CC)C(CCC34C=CCO4)C12,CC[C@@H]1CC2=CC(=O)CC[C@@H]2[C@H]2CC[C@@]3(CC)[C@@H](CC[C@@]34C=CCO4)[C@H]12,6.070000171661377,CHEMBL3706043,"Receptor Binding Assay: Using cytosol from progesterone receptor-expressing insect cells (Hi5), competitive binding to the progesterone receptor was determined from the ability to displace 3H-progesterone as reference substance from the receptor. If a compound has an affinity corresponding to progesterone, this corresponds to a competition factor (CF) of 1. CF values greater than 1 are characterized by a lower affinity for the progesterone receptor, and CF values of less than 1 are characterized by higher affinity. The test was carried out as test above, with the following modifications: cytosol from mineralocorticoid receptor-expressing insect cells (Hi5) was used, and the reference substance was 3H-aldosterone.",17681977,B,IC50,9,=,Homo sapiens,CHEMBL3692354,CHEMBL3638672,,,Direct protein target assigned,,,,False,-1,False,False,,,6.070000171661377,,,NR3C2_IC50Ki_611,6.070000171661377,True
CHEMBL1994,NC(=O)CC1COc2cc(Br)ccc2N1C(=O)c1ccc2c(c1)NC(=O)CO2,NC(=O)C[C@H]1COc2cc(Br)ccc2N1C(=O)c1ccc2c(c1)NC(=O)CO2,8.020000457763672,CHEMBL3888754,"Binding Assay: Test A1: Briefly, in Test A1 the assay was run in 384 well format in 10 mM Tris-HCl, pH 7.5, 0.5 mM EDTA 20 mM NaMoO4, 0.1 mM DTT and 10% glycerol at rt. Compounds were tested in a 7 (Test A1) or 10 (Test A2) concentration response curve ranging from 10 nM to 10 μM (Test A1) or 1 nM to 37 μM (Test A2). Compounds were spotted at the bottom of a well of a 384-well PE Opti-Plate to yield final DMSO concentrations in the assay of 2%. Pre-made MBP-MR/P23 lysate: 3H-aldosterone mix (final assay concentration 7 μg/mL MBP-MR LBD/P23 lysate; 5 nM aldosterone) was added onto the top of the spotted compound and preincubated for 1 h at RT. After 1 h an equal volume anti-rabbit SPA beads coupled with rabbit anti-MBP were added to the assay mixture and incubated for 3 hrs at rt. The inhibition of the scintillation signal by displacement of the bound 3H-aldosterone by test compounds is measured by scintillation counting using a Microbeta Trilux (Wallac).",17778946,B,IC50,8,=,Homo sapiens,CHEMBL3940837,CHEMBL3886822,,,Homologous protein target assigned,,,,False,-1,False,False,,,8.020000457763672,,,NR3C2_IC50Ki_615,8.020000457763672,True
CHEMBL1994,Cc1c(C(=O)Nc2ccc(S(C)(=O)=O)cc2)cn(C(C)C(C)O)c1-c1ccc(F)cc1C(F)(F)F,Cc1c(C(=O)Nc2ccc(S(C)(=O)=O)cc2)cn([C@H](C)[C@H](C)O)c1-c1ccc(F)cc1C(F)(F)F,8.420000076293945,CHEMBL4008019,Antagonist activity at Gal4-fused human MR LBD (671 to 984 residues) expressed in African Green Monkey CV-1 cells assessed as inhibition of aldosterone-induced transactivation activity after 20 hrs by luciferase reporter gene assay,18033325,B,IC50,9,=,Homo sapiens,CHEMBL4078631,CHEMBL4007392,,,Direct protein target assigned,,,,False,-1,False,False,,,8.420000076293945,,,NR3C2_IC50Ki_616,8.420000076293945,True
CHEMBL1994,CC1=C(C(=O)OC(C)C)C(c2cccc3c(=O)cc(C)oc23)C(C(=O)C(F)(F)F)=C(C)N1,CC1=C(C(=O)OC(C)C)C(c2cccc3c(=O)cc(C)oc23)C(C(=O)C(F)(F)F)=C(C)N1,7.71999979019165,CHEMBL4008023,Antagonist activity at Gal4-fused human MR LBD (734 to 985 residues) expressed in CHO-K1 cells after 5 to 6 hrs by luciferase reporter gene assay,18033292,B,IC50,9,=,Homo sapiens,CHEMBL4066981,CHEMBL4007392,,,Direct protein target assigned,,,,False,-1,False,False,,,7.71999979019165,,,NR3C2_IC50Ki_623,7.71999979019165,True
CHEMBL1994,CCC(C)C(NC(=O)C(CCCCN)NC(=O)C(Cc1cnc[nH]1)NC(=O)C(CCCCN)NC(=O)C(CCC(=O)O)NC(=O)C(N)CCCCN)C(=O)NC(CC(C)C)C(=O)NC(Cc1cnc[nH]1)C(=O)NC(CCCNC(=N)N)C(=O)NC(CC(C)C)C(=O)NC(CC(C)C)C(=O)NC(CCC(N)=O)C(=O)NC(CC(=O)O)C(=O)NC(CO)C(=O)NC(CO)C(=O)O,CC[C@H](C)[C@H](NC(=O)[C@H](CCCCN)NC(=O)[C@H](Cc1cnc[nH]1)NC(=O)[C@H](CCCCN)NC(=O)[C@H](CCC(=O)O)NC(=O)[C@@H](N)CCCCN)C(=O)N[C@@H](CC(C)C)C(=O)N[C@@H](Cc1cnc[nH]1)C(=O)N[C@@H](CCCNC(=N)N)C(=O)N[C@@H](CC(C)C)C(=O)N[C@@H](CC(C)C)C(=O)N[C@@H](CCC(N)=O)C(=O)N[C@@H](CC(=O)O)C(=O)N[C@@H](CO)C(=O)N[C@@H](CO)C(=O)O,5.659999847412109,CHEMBL4008045,Binding affinity to N-terminal 6His-GST-tagged human MR LBD (727 to 984 residues) harboring C808S mutation expressed in Escherichia coli BL21DE3/corticosterone complex by AlphaScreen assay,18033420,B,IC50,9,=,Homo sapiens,CHEMBL4091881,CHEMBL4007392,,,Direct protein target assigned,C808S,,,False,-1,False,False,,,5.659999847412109,,,NR3C2_IC50Ki_638,5.659999847412109,True
CHEMBL1994,CC(C)CC(NC(=O)C(CO)NC(=O)C(CCCCN)NC(=O)C(CCC(N)=O)NC(=O)C(CCC(N)=O)NC(=O)C(C)N)C(=O)NC(CC(C)C)C(=O)NC(CCC(N)=O)C(=O)NC(CCC(N)=O)C(=O)NC(CC(C)C)C(=O)NC(CC(C)C)C(=O)NC(C(=O)NC(CCC(=O)O)C(=O)O)C(C)O,CC(C)C[C@H](NC(=O)[C@H](CO)NC(=O)[C@H](CCCCN)NC(=O)[C@H](CCC(N)=O)NC(=O)[C@H](CCC(N)=O)NC(=O)[C@H](C)N)C(=O)N[C@@H](CC(C)C)C(=O)N[C@@H](CCC(N)=O)C(=O)N[C@@H](CCC(N)=O)C(=O)N[C@@H](CC(C)C)C(=O)N[C@@H](CC(C)C)C(=O)N[C@H](C(=O)N[C@@H](CCC(=O)O)C(=O)O)[C@@H](C)O,6.050000190734863,CHEMBL4008045,Binding affinity to N-terminal 6His-GST-tagged human MR LBD (727 to 984 residues) harboring C808S mutation expressed in Escherichia coli BL21DE3/corticosterone complex by AlphaScreen assay,18033425,B,IC50,9,=,Homo sapiens,CHEMBL4088261,CHEMBL4007392,,,Direct protein target assigned,C808S,,,False,-1,False,False,,,6.050000190734863,,,NR3C2_IC50Ki_643,6.050000190734863,True
CHEMBL1994,CC1CC2C3CC(F)C4=CC(=O)C=CC4(C)C3(F)C(O)CC2(C)C1(OC(=O)c1ccco1)C(=O)SCF,C[C@@H]1C[C@H]2[C@@H]3C[C@H](F)C4=CC(=O)C=C[C@]4(C)[C@@]3(F)[C@@H](O)C[C@]2(C)[C@@]1(OC(=O)c1ccco1)C(=O)SCF,6.78000020980835,CHEMBL4031194,Displacement of [3H]-aldosterone from N terminal maltose binding protein tagged human mineralocorticoid receptor LBD (726 to 984 residues) expressed in baculovirus infected high five cells after 8 hrs by scintillation proximity assay,18141205,B,IC50,9,=,Homo sapiens,CHEMBL1676,CHEMBL4028861,,,Direct protein target assigned,,,4.0,False,0,False,False,,,6.78000020980835,,,NR3C2_IC50Ki_650,6.78000020980835,True
CHEMBL1994,COC(=O)C(Cc1ccccc1)(c1ccc(Cl)cc1)n1ccc2c(NS(C)(=O)=O)cccc21,COC(=O)C(Cc1ccccc1)(c1ccc(Cl)cc1)n1ccc2c(NS(C)(=O)=O)cccc21,6.559999942779541,CHEMBL4717253,Antagonist activity at human full-length MCR assessed as inhibition of receptor binding to co-activator peptide by PathHunter assay,22825203,B,IC50,9,=,Homo sapiens,CHEMBL4755269,CHEMBL4715716,,,Direct protein target assigned,,,,False,-1,False,False,,,6.559999942779541,,,NR3C2_IC50Ki_673,6.559999942779541,True
CHEMBL1994,COC(=O)C(c1ccc(F)cc1Cl)n1ccc2c(C#N)cccc21,COC(=O)C(c1ccc(F)cc1Cl)n1ccc2c(C#N)cccc21,6.699999809265137,CHEMBL4717253,Antagonist activity at human full-length MCR assessed as inhibition of receptor binding to co-activator peptide by PathHunter assay,22825209,B,IC50,9,=,Homo sapiens,CHEMBL4746794,CHEMBL4715716,,,Direct protein target assigned,,,,False,-1,False,False,,,6.699999809265137,,,NR3C2_IC50Ki_678,6.699999809265137,True
CHEMBL1994,COC(=O)C(c1ccc(F)cc1Cl)n1ccc2c(F)cccc21,COC(=O)C(c1ccc(F)cc1Cl)n1ccc2c(F)cccc21,5.639999866485596,CHEMBL4717253,Antagonist activity at human full-length MCR assessed as inhibition of receptor binding to co-activator peptide by PathHunter assay,22825211,B,IC50,9,=,Homo sapiens,CHEMBL4756852,CHEMBL4715716,,,Direct protein target assigned,,,,False,-1,False,False,,,5.639999866485596,,,NR3C2_IC50Ki_680,5.639999866485596,True
CHEMBL1994,COC(=O)C(c1ccc(F)cc1Cl)n1ccc2c(NS(C)(=O)=O)cccc21,COC(=O)C(c1ccc(F)cc1Cl)n1ccc2c(NS(C)(=O)=O)cccc21,6.28000020980835,CHEMBL4717253,Antagonist activity at human full-length MCR assessed as inhibition of receptor binding to co-activator peptide by PathHunter assay,22825215,B,IC50,9,=,Homo sapiens,CHEMBL4742925,CHEMBL4715716,,,Direct protein target assigned,,,,False,-1,False,False,,,6.28000020980835,,,NR3C2_IC50Ki_684,6.28000020980835,True
CHEMBL1994,CS(=O)(=O)Nc1ccc(N(C(=O)c2ccccc2)c2ccc(F)cc2)cc1,CS(=O)(=O)Nc1ccc(N(C(=O)c2ccccc2)c2ccc(F)cc2)cc1,6.210000038146973,CHEMBL5136122,Displacement of [3H]-aldosterone from recombinant human mineralocorticoid receptor expressed in baculovirus infected insect cells incubated overnight by liquid scintillation counting analysis,24808030,B,Ki,9,=,Homo sapiens,CHEMBL5184647,CHEMBL5131538,,,Direct protein target assigned,,,,False,-1,False,False,,,6.210000038146973,,,NR3C2_IC50Ki_696,6.210000038146973,True
CHEMBL1994,CC12CCC(=O)C=C1CCC1C2C(O)CC2(C=O)C(C(=O)CO)CCC12,C[C@]12CCC(=O)C=C1CC[C@@H]1[C@@H]2[C@@H](O)C[C@]2(C=O)[C@@H](C(=O)CO)CC[C@@H]12;C[C@]12CCC(=O)C=C1CC[C@@H]1[C@@H]2[C@@H](O)C[C@]2(C=O)[C@@H](C(=O)CO)CC[C@@H]12,8.030;9.520,CHEMBL1259734;CHEMBL4263480,Antagonist activity at mineralocorticoid receptor-LBD in human U2OS cells transfected with Gal4-DBD assessed as inhibition of transactivation activity after 18 hrs by luciferase reporter gene assay;Agonist activity at GAL4 DNA-binding domain fused MR (unknown origin) ligand binding domain expressed in UAS-bla H cells assessed as beta-lactamase transcriptional activation by FRET-based GeneBLAzer assay,3502450;18749286,F;B,IC50;IC50,9;9,=;=,Homo sapiens;Homo sapiens,CHEMBL273453;CHEMBL273453,CHEMBL1255573;CHEMBL4261581,None;None,U2OS;None,Direct protein target assigned;Direct protein target assigned,None;None,None;None,2.0;2.0,False;False,0;0,False;False,True,8.774999999999999,0.7450000000000001,8.774999999999999,0.7450000000000001,2.0,NR3C2_IC50Ki_704,8.774999999999999,True
CHEMBL1994,CC12C=CC(=O)C=C1CCC1C2C(O)CC2(C)C1CCC2(O)C(=O)CO,C[C@]12C=CC(=O)C=C1CC[C@@H]1[C@@H]2[C@@H](O)C[C@@]2(C)[C@H]1CC[C@]2(O)C(=O)CO;C[C@]12C=CC(=O)C=C1CC[C@@H]1[C@@H]2[C@@H](O)C[C@@]2(C)[C@H]1CC[C@]2(O)C(=O)CO;C[C@]12C=CC(=O)C=C1CC[C@@H]1[C@@H]2[C@@H](O)C[C@@]2(C)[C@H]1CC[C@]2(O)C(=O)CO;C[C@]12C=CC(=O)C=C1CC[C@@H]1[C@@H]2[C@@H](O)C[C@@]2(C)[C@H]1CC[C@]2(O)C(=O)CO;C[C@]12C=CC(=O)C=C1CC[C@@H]1[C@@H]2[C@@H](O)C[C@@]2(C)[C@H]1CC[C@]2(O)C(=O)CO,7.430;7.360;9.540;7.750;7.960,CHEMBL844554;CHEMBL1250866;CHEMBL3122505;CHEMBL3868171;CHEMBL4194584,Binding affinity for mineralocorticoid receptor;Binding affinity to mineralocorticoid receptor expressed in baculovirus-infected insect cells using tetramethylrhodamine labeled Dexamethasone by fluorescence polarization microplate assay;Displacement of [3H]-aldosterone from human mineralocorticoid receptor expressed in HEK293 cells;Displacement of 3H-aldosterone from MR (unknown origin) ligand binding domain by SPA assay;Displacement of [3H]-aldosterone from human mineralocorticoid receptor LBD (729 to 984 residues) after 1 hr by scintillation proximity assay,1044967;3470295;13934673;16797741;18527655,B;B;B;B;B,Ki;IC50;Ki;IC50;IC50,9;8;9;9;9,=;=;=;=;=,Homo sapiens;Homo sapiens;Homo sapiens;Homo sapiens;Homo sapiens,CHEMBL131;CHEMBL131;CHEMBL131;CHEMBL131;CHEMBL131,CHEMBL1134574;CHEMBL1250518;CHEMBL3120138;CHEMBL3867467;CHEMBL4190372,None;None;None;None;None,None;None;HEK293;None;None,Direct protein target assigned;Homologous protein target assigned;Direct protein target assigned;Direct protein target assigned;Direct protein target assigned,None;None;None;None;None,Glucocorticoid;Glucocorticoid;Glucocorticoid;Glucocorticoid;Glucocorticoid,4.0;4.0;4.0;4.0;4.0,True;True;True;True;True,0;0;0;0;0,False;False;False;False;False,True,8.008,0.7962260985423673,7.75,0.3200000000000003,5.0,NR3C2_IC50Ki_705,7.75,True
CHEMBL1994,CC(C)n1cc(-c2ccc(C#N)c(F)c2)c2ccc(NS(C)(=O)=O)cc21,CC(C)n1cc(-c2ccc(C#N)c(F)c2)c2ccc(NS(C)(=O)=O)cc21;CC(C)n1cc(-c2ccc(C#N)c(F)c2)c2ccc(NS(C)(=O)=O)cc21,6.070;5.090,CHEMBL1680619;CHEMBL1680624,Displacement of [3H]methyltrienolone from human mineralocorticoid receptor expressed in HEK293 cells;Antagonist activity at human mineralocorticoid receptor expressed in HEK293 cells assessed as inhibition of R5050-induced transcriptional activity by GRE-driven luciferase reporter gene assay,5208993;5208933,B;F,Ki;IC50,9;9,=;=,Homo sapiens;Homo sapiens,CHEMBL1672547;CHEMBL1672547,CHEMBL1671834;CHEMBL1671834,None;None,HEK293;HEK293,Direct protein target assigned;Direct protein target assigned,None;None,None;None,None;None,False;False,-1;-1,False;False,True,5.58,0.4900000000000002,5.58,0.4900000000000002,2.0,NR3C2_IC50Ki_708,5.58,True
CHEMBL1994,CCC(CO)(c1ccc(Cl)cc1)n1ccc2c(NS(C)(=O)=O)cccc21,CC[C@](CO)(c1ccc(Cl)cc1)n1ccc2c(NS(C)(=O)=O)cccc21;CC[C@](CO)(c1ccc(Cl)cc1)n1ccc2c(NS(C)(=O)=O)cccc21;CC[C@](CO)(c1ccc(Cl)cc1)n1ccc2c(NS(C)(=O)=O)cccc21,7.270;7.660;7.680,CHEMBL4342250;CHEMBL4342252;CHEMBL4717253,Antagonist activity at mineralocorticoid receptor (unknown origin);Binding affinity to mineralocorticoid receptor (unknown origin);Antagonist activity at human full-length MCR assessed as inhibition of receptor binding to co-activator peptide by PathHunter assay,18995764;18995777;22825192,B;B;B,IC50;IC50;IC50,9;9;9,=;=;=,Homo sapiens;Homo sapiens;Homo sapiens,CHEMBL4439903;CHEMBL4439903;CHEMBL4439903,CHEMBL4340566;CHEMBL4340566;CHEMBL4715716,None;None;None,None;None;None,Direct protein target assigned;Direct protein target assigned;Direct protein target assigned,None;None;None,None;None;None,None;None;None,False;False;False,-1;-1;-1,False;False;False,True,7.536666666666666,0.1887385022252277,7.66,0.0199999999999995,3.0,NR3C2_IC50Ki_716,7.66,True
CHEMBL1994,CC1CC2C3CCC4=CC(=O)C=CC4(C)C3(F)C(O)CC2(C)C1(O)C(=O)CO,C[C@@H]1C[C@H]2[C@@H]3CCC4=CC(=O)C=C[C@]4(C)[C@@]3(F)[C@@H](O)C[C@]2(C)[C@@]1(O)C(=O)CO;C[C@@H]1C[C@H]2[C@@H]3CCC4=CC(=O)C=C[C@]4(C)[C@@]3(F)[C@@H](O)C[C@]2(C)[C@@]1(O)C(=O)CO;C[C@@H]1C[C@H]2[C@@H]3CCC4=CC(=O)C=C[C@]4(C)[C@@]3(F)[C@@H](O)C[C@]2(C)[C@@]1(O)C(=O)CO;C[C@@H]1C[C@H]2[C@@H]3CCC4=CC(=O)C=C[C@]4(C)[C@@]3(F)[C@@H](O)C[C@]2(C)[C@@]1(O)C(=O)CO,7.480;8.140;9.440;7.400,CHEMBL909351;CHEMBL896164;CHEMBL3122505;CHEMBL3868171,Inhibition of tetramethylrhodamine labeled dexamethasone binding to MR by FP assay;Binding affinity to MR;Displacement of [3H]-aldosterone from human mineralocorticoid receptor expressed in HEK293 cells;Displacement of 3H-aldosterone from MR (unknown origin) ligand binding domain by SPA assay,1799345;1926527;13934672;16797740,B;B;B;B,IC50;Ki;Ki;IC50,8;8;9;9,=;=;=;=,Homo sapiens;Homo sapiens;Homo sapiens;Homo sapiens,CHEMBL384467;CHEMBL384467;CHEMBL384467;CHEMBL384467,CHEMBL1138857;CHEMBL1148778;CHEMBL3120138;CHEMBL3867467,None;None;None;None,None;None;HEK293;None,Homologous protein target assigned;Homologous protein target assigned;Direct protein target assigned;Direct protein target assigned,None;None;None;None,Glucocorticoid;Glucocorticoid;Glucocorticoid;Glucocorticoid,4.0;4.0;4.0;4.0,True;True;True;True,0;0;0;0,False;False;False;False,True,8.115,0.8171138231605186,7.81,0.3700000000000001,4.0,NR3C2_IC50Ki_728,7.81,True
CHEMBL1994,CC(C)CC1COc2cc(F)ccc2N1C(=O)c1ccc2c(c1)NC(=O)CO2,CC(C)C[C@H]1COc2cc(F)ccc2N1C(=O)c1ccc2c(c1)NC(=O)CO2;CC(C)C[C@H]1COc2cc(F)ccc2N1C(=O)c1ccc2c(c1)NC(=O)CO2,8.700;7.200,CHEMBL4423290;CHEMBL4423293,Displacement of [3H]-aldosterone to human mineralocorticoid receptor LBD by radiometric binding assay;Antagonist activity at gal4-fused human mineralocorticoid receptor LBD expressed in UAS-MR-bla HEK293 cells by luciferase reporter gene assay,19363254;19363462,B;B,Ki;IC50,9;9,=;=,Homo sapiens;Homo sapiens,CHEMBL4468672;CHEMBL4468672,CHEMBL4422622;CHEMBL4422622,None;None,None;None,Direct protein target assigned;Direct protein target assigned,None;None,None;None,None;None,False;False,-1;-1,False;False,True,7.949999999999999,0.7499999999999996,7.949999999999999,0.7499999999999996,2.0,NR3C2_IC50Ki_762,7.949999999999999,True
CHEMBL1994,Cc1c(C(=O)Nc2ccc(S(C)(=O)=O)cc2)cn(CCO)c1-c1ccccc1C(F)(F)F,Cc1c(C(=O)Nc2ccc(S(C)(=O)=O)cc2)cn(CCO)c1-c1ccccc1C(F)(F)F;Cc1c(C(=O)Nc2ccc(S(C)(=O)=O)cc2)cn(CCO)c1-c1ccccc1C(F)(F)F,8.620;8.030,CHEMBL2188767;CHEMBL4008019,Antagonist activity at mineralocorticoid receptor;Antagonist activity at Gal4-fused human MR LBD (671 to 984 residues) expressed in African Green Monkey CV-1 cells assessed as inhibition of aldosterone-induced transactivation activity after 20 hrs by luciferase reporter gene assay,12163930;18033326,F;B,IC50;IC50,8;9,=;=,Homo sapiens;Homo sapiens,CHEMBL2181932;CHEMBL2181932,CHEMBL2177005;CHEMBL4007392,None;None,None;None,Homologous protein target assigned;Direct protein target assigned,None;None,None;None,None;None,False;False,-1;-1,False;False,True,8.325,0.2949999999999999,8.325,0.2949999999999999,2.0,NR3C2_IC50Ki_780,8.325,True
CHEMBL1994,N#Cc1ccc(N2N=C(c3ccc(C(=O)O)cc3)CC2c2ccc(F)cc2)cc1,N#Cc1ccc(N2N=C(c3ccc(C(=O)O)cc3)CC2c2ccc(F)cc2)cc1;N#Cc1ccc(N2N=C(c3ccc(C(=O)O)cc3)C[C@@H]2c2ccc(F)cc2)cc1;N#Cc1ccc(N2N=C(c3ccc(C(=O)O)cc3)C[C@H]2c2ccc(F)cc2)cc1,6.610;7.000;5.080,CHEMBL1219662;CHEMBL1219662;CHEMBL1219662,Antagonist activity at Gal4-tagged mineralocorticoid receptor expressed in human Huh7 cells by luciferase reporter gene assay;Antagonist activity at Gal4-tagged mineralocorticoid receptor expressed in human Huh7 cells by luciferase reporter gene assay;Antagonist activity at Gal4-tagged mineralocorticoid receptor expressed in human Huh7 cells by luciferase reporter gene assay,3403537;3403538;3403539,F;F;F,IC50;IC50;IC50,8;8;8,=;=;=,Homo sapiens;Homo sapiens;Homo sapiens,CHEMBL1215758;CHEMBL1214685;CHEMBL1214686,CHEMBL1212897;CHEMBL1212897;CHEMBL1212897,None;None;None,Huh-7;Huh-7;Huh-7,Homologous protein target assigned;Homologous protein target assigned;Homologous protein target assigned,None;None;None,None;None;None,None;None;None,False;False;False,-1;-1;-1,False;False;False,True,6.23,0.8286132994346639,6.61,0.3899999999999997,3.0,NR3C2_IC50Ki_786,6.61,True
CHEMBL1994,CNC(=O)CC1COc2cc(F)c(CC(C)C)cc2N1C(=O)c1ccnc(NC(N)=O)c1,CNC(=O)C[C@H]1COc2cc(F)c(CC(C)C)cc2N1C(=O)c1ccnc(NC(N)=O)c1;CNC(=O)C[C@H]1COc2cc(F)c(CC(C)C)cc2N1C(=O)c1ccnc(NC(N)=O)c1,8.100;7.000,CHEMBL4423290;CHEMBL4423293,Displacement of [3H]-aldosterone to human mineralocorticoid receptor LBD by radiometric binding assay;Antagonist activity at gal4-fused human mineralocorticoid receptor LBD expressed in UAS-MR-bla HEK293 cells by luciferase reporter gene assay,19363402;19363479,B;B,Ki;IC50,9;9,=;=,Homo sapiens;Homo sapiens,CHEMBL4463035;CHEMBL4463035,CHEMBL4422622;CHEMBL4422622,None;None,None;None,Direct protein target assigned;Direct protein target assigned,None;None,None;None,None;None,False;False,-1;-1,False;False,True,7.55,0.5499999999999998,7.55,0.5499999999999998,2.0,NR3C2_IC50Ki_790,7.55,True
CHEMBL1994,CC1CN(c2ccc3c(n2)NC(=O)CO3)C(c2ccccc2)CO1,C[C@@H]1CN(c2ccc3c(n2)NC(=O)CO3)[C@H](c2ccccc2)CO1;C[C@@H]1CN(c2ccc3c(n2)NC(=O)CO3)[C@H](c2ccccc2)CO1;C[C@H]1CN(c2ccc3c(n2)NC(=O)CO3)[C@H](c2ccccc2)CO1;C[C@@H]1CN(c2ccc3c(n2)NC(=O)CO3)[C@H](c2ccccc2)CO1;C[C@@H]1CN(c2ccc3c(n2)NC(=O)CO3)[C@H](c2ccccc2)CO1;C[C@H]1CN(c2ccc3c(n2)NC(=O)CO3)[C@H](c2ccccc2)CO1;C[C@@H]1CN(c2ccc3c(n2)NC(=O)CO3)[C@H](c2ccccc2)CO1;C[C@@H]1CN(c2ccc3c(n2)NC(=O)CO3)[C@H](c2ccccc2)CO1;C[C@@H]1CN(c2ccc3c(n2)NC(=O)CO3)[C@H](c2ccccc2)CO1,7.360;7.350;6.140;7.600;8.200;5.920;7.480;7.600;6.700,CHEMBL2188780;CHEMBL4008037;CHEMBL4028141;CHEMBL4028141;CHEMBL4028141;CHEMBL4028145;CHEMBL4028161;CHEMBL4423290;CHEMBL4423293,Antagonist activity at mineralocorticoid receptor in human Huh7 cells by luciferase reporter gene assay;Antagonist activity at Gal4-fused MR LBD (unknown origin) expressed in human Huh7 cells assessed as inhibition of aldosterone-induced transcriptional activity after 3 hrs by luciferase reporter gene assay;Displacement of [3H]-aldosterone from human GST-tagged MR ligand binding domain after 4 hrs by liquid scintillation counting;Displacement of [3H]-aldosterone from human GST-tagged MR ligand binding domain after 4 hrs by liquid scintillation counting;Displacement of [3H]-aldosterone from human GST-tagged MR ligand binding domain after 4 hrs by liquid scintillation counting;Antagonist activity at human GAL4-DBD fused MR ligand binding domain transfected in human Huh7 cells co-expressing GAL4-RE-Luc assessed as reduction in aldosterone-induced luciferase activity after 16 hrs in presence of serum by luciferase reporter gene assay;Antagonist activity at human GAL4-DBD fused MR ligand binding domain transfected in human Huh7 cells co-expressing GAL4-RE-Luc assessed as reduction in aldosterone-induced luciferase activity after 16 hrs in serum free condition by luciferase reporter gene assay;Displacement of [3H]-aldosterone to human mineralocorticoid receptor LBD by radiometric binding assay;Antagonist activity at gal4-fused human mineralocorticoid receptor LBD expressed in UAS-MR-bla HEK293 cells by luciferase reporter gene assay,12163932;18033389;18126814;18126815;18126818;18126799;18126730;19363327;19363449,F;B;B;B;B;B;B;B;B,IC50;IC50;IC50;IC50;Ki;IC50;IC50;Ki;IC50,9;9;9;9;9;9;9;9;9,=;=;=;=;=;=;=;=;=,Homo sapiens;Homo sapiens;Homo sapiens;Homo sapiens;Homo sapiens;Homo sapiens;Homo sapiens;Homo sapiens;Homo sapiens,CHEMBL2181928;CHEMBL2181928;CHEMBL4062371;CHEMBL2181928;CHEMBL2181928;CHEMBL4062371;CHEMBL2181928;CHEMBL2181928;CHEMBL2181928,CHEMBL2177005;CHEMBL4007392;CHEMBL4024791;CHEMBL4024791;CHEMBL4024791;CHEMBL4024791;CHEMBL4024791;CHEMBL4422622;CHEMBL4422622,None;None;None;None;None;None;None;None;None,Huh-7;None;None;None;None;None;None;None;None,Direct protein target assigned;Direct protein target assigned;Direct protein target assigned;Direct protein target assigned;Direct protein target assigned;Direct protein target assigned;Direct protein target assigned;Direct protein target assigned;Direct protein target assigned,None;None;None;None;None;None;None;None;None,None;None;None;None;None;None;None;None;None,None;None;None;None;None;None;None;None;None,False;False;False;False;False;False;False;False;False,-1;-1;-1;-1;-1;-1;-1;-1;-1,False;False;False;False;False;False;False;False;False,True,7.15,0.7020604595680409,7.36,0.2399999999999993,9.0,NR3C2_IC50Ki_792,7.36,True
CHEMBL1994,CC(C)Cc1cc2c(cc1Cl)OCC(CC(N)=O)N2C(=O)c1ccc2c(c1)NC(=O)CO2,CC(C)Cc1cc2c(cc1Cl)OC[C@H](CC(N)=O)N2C(=O)c1ccc2c(c1)NC(=O)CO2;CC(C)Cc1cc2c(cc1Cl)OC[C@H](CC(N)=O)N2C(=O)c1ccc2c(c1)NC(=O)CO2,9.300;8.600,CHEMBL4423290;CHEMBL4423293,Displacement of [3H]-aldosterone to human mineralocorticoid receptor LBD by radiometric binding assay;Antagonist activity at gal4-fused human mineralocorticoid receptor LBD expressed in UAS-MR-bla HEK293 cells by luciferase reporter gene assay,19363399;19363476,B;B,Ki;IC50,9;9,=;=,Homo sapiens;Homo sapiens,CHEMBL4471322;CHEMBL4471322,CHEMBL4422622;CHEMBL4422622,None;None,None;None,Direct protein target assigned;Direct protein target assigned,None;None,None;None,None;None,False;False,-1;-1,False;False,True,8.95,0.3500000000000005,8.95,0.3500000000000005,2.0,NR3C2_IC50Ki_808,8.95,True
CHEMBL1994,CNC(=O)CC1COc2cc(C(F)(F)F)ccc2N1C(=O)c1ccc2c(c1)NC(=O)CO2,CNC(=O)C[C@H]1COc2cc(C(F)(F)F)ccc2N1C(=O)c1ccc2c(c1)NC(=O)CO2;CNC(=O)C[C@H]1COc2cc(C(F)(F)F)ccc2N1C(=O)c1ccc2c(c1)NC(=O)CO2,7.900;7.100,CHEMBL4423290;CHEMBL4423293,Displacement of [3H]-aldosterone to human mineralocorticoid receptor LBD by radiometric binding assay;Antagonist activity at gal4-fused human mineralocorticoid receptor LBD expressed in UAS-MR-bla HEK293 cells by luciferase reporter gene assay,19363276;19363314,B;B,Ki;IC50,9;9,=;=,Homo sapiens;Homo sapiens,CHEMBL4452144;CHEMBL4452144,CHEMBL4422622;CHEMBL4422622,None;None,None;None,Direct protein target assigned;Direct protein target assigned,None;None,None;None,None;None,False;False,-1;-1,False;False,True,7.5,0.4000000000000003,7.5,0.4000000000000003,2.0,NR3C2_IC50Ki_809,7.5,True
CHEMBL1994,NC(=O)CC1COc2cc(F)ccc2N1C(=O)c1ccc2c(c1)NC(=O)CO2,NC(=O)CC1COc2cc(F)ccc2N1C(=O)c1ccc2c(c1)NC(=O)CO2;NC(=O)CC1COc2cc(F)ccc2N1C(=O)c1ccc2c(c1)NC(=O)CO2;NC(=O)C[C@H]1COc2cc(F)ccc2N1C(=O)c1ccc2c(c1)NC(=O)CO2;NC(=O)C[C@H]1COc2cc(F)ccc2N1C(=O)c1ccc2c(c1)NC(=O)CO2,6.320;6.570;7.200;6.200,CHEMBL3888754;CHEMBL3888754;CHEMBL4423290;CHEMBL4423293,"Binding Assay: Test A1: Briefly, in Test A1 the assay was run in 384 well format in 10 mM Tris-HCl, pH 7.5, 0.5 mM EDTA 20 mM NaMoO4, 0.1 mM DTT and 10% glycerol at rt. Compounds were tested in a 7 (Test A1) or 10 (Test A2) concentration response curve ranging from 10 nM to 10 μM (Test A1) or 1 nM to 37 μM (Test A2). Compounds were spotted at the bottom of a well of a 384-well PE Opti-Plate to yield final DMSO concentrations in the assay of 2%. Pre-made MBP-MR/P23 lysate: 3H-aldosterone mix (final assay concentration 7 μg/mL MBP-MR LBD/P23 lysate; 5 nM aldosterone) was added onto the top of the spotted compound and preincubated for 1 h at RT. After 1 h an equal volume anti-rabbit SPA beads coupled with rabbit anti-MBP were added to the assay mixture and incubated for 3 hrs at rt. The inhibition of the scintillation signal by displacement of the bound 3H-aldosterone by test compounds is measured by scintillation counting using a Microbeta Trilux (Wallac).;Binding Assay: Test A1: Briefly, in Test A1 the assay was run in 384 well format in 10 mM Tris-HCl, pH 7.5, 0.5 mM EDTA 20 mM NaMoO4, 0.1 mM DTT and 10% glycerol at rt. Compounds were tested in a 7 (Test A1) or 10 (Test A2) concentration response curve ranging from 10 nM to 10 μM (Test A1) or 1 nM to 37 μM (Test A2). Compounds were spotted at the bottom of a well of a 384-well PE Opti-Plate to yield final DMSO concentrations in the assay of 2%. Pre-made MBP-MR/P23 lysate: 3H-aldosterone mix (final assay concentration 7 μg/mL MBP-MR LBD/P23 lysate; 5 nM aldosterone) was added onto the top of the spotted compound and preincubated for 1 h at RT. After 1 h an equal volume anti-rabbit SPA beads coupled with rabbit anti-MBP were added to the assay mixture and incubated for 3 hrs at rt. The inhibition of the scintillation signal by displacement of the bound 3H-aldosterone by test compounds is measured by scintillation counting using a Microbeta Trilux (Wallac).;Displacement of [3H]-aldosterone to human mineralocorticoid receptor LBD by radiometric binding assay;Antagonist activity at gal4-fused human mineralocorticoid receptor LBD expressed in UAS-MR-bla HEK293 cells by luciferase reporter gene assay",17778937;17778938;19363282;19363320,B;B;B;B,IC50;IC50;Ki;IC50,8;8;9;9,=;=;=;=,Homo sapiens;Homo sapiens;Homo sapiens;Homo sapiens,CHEMBL3939447;CHEMBL3939447;CHEMBL4475012;CHEMBL4475012,CHEMBL3886822;CHEMBL3886822;CHEMBL4422622;CHEMBL4422622,None;None;None;None,None;None;None;None,Homologous protein target assigned;Homologous protein target assigned;Direct protein target assigned;Direct protein target assigned,None;None;None;None,None;None;None;None,None;None;None;None,False;False;False;False,-1;-1;-1;-1,False;False;False;False,True,6.5725,0.3860942242510239,6.445,0.185,4.0,NR3C2_IC50Ki_811,6.445,True
CHEMBL1994,CNC(=O)CC1COc2cc(F)ccc2N1C(=O)c1ccc2c(c1)NC(=O)CO2,CNC(=O)CC1COc2cc(F)ccc2N1C(=O)c1ccc2c(c1)NC(=O)CO2;CNC(=O)C[C@H]1COc2cc(F)ccc2N1C(=O)c1ccc2c(c1)NC(=O)CO2;CNC(=O)CC1COc2cc(F)ccc2N1C(=O)c1ccc2c(c1)NC(=O)CO2;CNC(=O)C[C@H]1COc2cc(F)ccc2N1C(=O)c1ccc2c(c1)NC(=O)CO2;CNC(=O)C[C@H]1COc2cc(F)ccc2N1C(=O)c1ccc2c(c1)NC(=O)CO2;CNC(=O)C[C@H]1COc2cc(F)ccc2N1C(=O)c1ccc2c(c1)NC(=O)CO2;CNC(=O)C[C@H]1COc2cc(F)ccc2N1C(=O)c1ccc2c(c1)NC(=O)CO2,6.750;6.890;6.130;6.620;7.400;6.400;6.500,CHEMBL3888754;CHEMBL3888754;CHEMBL3888755;CHEMBL3888755;CHEMBL4423290;CHEMBL4423293;CHEMBL4423298,"Binding Assay: Test A1: Briefly, in Test A1 the assay was run in 384 well format in 10 mM Tris-HCl, pH 7.5, 0.5 mM EDTA 20 mM NaMoO4, 0.1 mM DTT and 10% glycerol at rt. Compounds were tested in a 7 (Test A1) or 10 (Test A2) concentration response curve ranging from 10 nM to 10 μM (Test A1) or 1 nM to 37 μM (Test A2). Compounds were spotted at the bottom of a well of a 384-well PE Opti-Plate to yield final DMSO concentrations in the assay of 2%. Pre-made MBP-MR/P23 lysate: 3H-aldosterone mix (final assay concentration 7 μg/mL MBP-MR LBD/P23 lysate; 5 nM aldosterone) was added onto the top of the spotted compound and preincubated for 1 h at RT. After 1 h an equal volume anti-rabbit SPA beads coupled with rabbit anti-MBP were added to the assay mixture and incubated for 3 hrs at rt. The inhibition of the scintillation signal by displacement of the bound 3H-aldosterone by test compounds is measured by scintillation counting using a Microbeta Trilux (Wallac).;Binding Assay: Test A1: Briefly, in Test A1 the assay was run in 384 well format in 10 mM Tris-HCl, pH 7.5, 0.5 mM EDTA 20 mM NaMoO4, 0.1 mM DTT and 10% glycerol at rt. Compounds were tested in a 7 (Test A1) or 10 (Test A2) concentration response curve ranging from 10 nM to 10 μM (Test A1) or 1 nM to 37 μM (Test A2). Compounds were spotted at the bottom of a well of a 384-well PE Opti-Plate to yield final DMSO concentrations in the assay of 2%. Pre-made MBP-MR/P23 lysate: 3H-aldosterone mix (final assay concentration 7 μg/mL MBP-MR LBD/P23 lysate; 5 nM aldosterone) was added onto the top of the spotted compound and preincubated for 1 h at RT. After 1 h an equal volume anti-rabbit SPA beads coupled with rabbit anti-MBP were added to the assay mixture and incubated for 3 hrs at rt. The inhibition of the scintillation signal by displacement of the bound 3H-aldosterone by test compounds is measured by scintillation counting using a Microbeta Trilux (Wallac).;Binding Assay: Test A2: Briefly, in Test A1 the assay was run in 384 well format in 10 mM Tris-HCl, pH 7.5, 0.5 mM EDTA 20 mM NaMoO4, 0.1 mM DTT and 10% glycerol at rt. Compounds were tested in a 7 (Test A1) or 10 (Test A2) concentration response curve ranging from 10 nM to 10 μM (Test A1) or 1 nM to 37 μM (Test A2). Compounds were spotted at the bottom of a well of a 384-well PE Opti-Plate to yield final DMSO concentrations in the assay of 2%. Pre-made MBP-MR/P23 lysate: 3H-aldosterone mix (final assay concentration 7 μg/mL MBP-MR LBD/P23 lysate; 5 nM aldosterone) was added onto the top of the spotted compound and preincubated for 1 h at RT. After 1 h an equal volume anti-rabbit Imaging beads coupled with rabbit anti-MBP were added to the assay mixture and incubated for >8 h at rt. The inhibition of the scintillation signal by displacement of the bound 3H-aldosterone by test compounds is measured by scintillation counting using a CCD camera detection using a LEADseeker (PerkinElmer).;Binding Assay: Test A2: Briefly, in Test A1 the assay was run in 384 well format in 10 mM Tris-HCl, pH 7.5, 0.5 mM EDTA 20 mM NaMoO4, 0.1 mM DTT and 10% glycerol at rt. Compounds were tested in a 7 (Test A1) or 10 (Test A2) concentration response curve ranging from 10 nM to 10 μM (Test A1) or 1 nM to 37 μM (Test A2). Compounds were spotted at the bottom of a well of a 384-well PE Opti-Plate to yield final DMSO concentrations in the assay of 2%. Pre-made MBP-MR/P23 lysate: 3H-aldosterone mix (final assay concentration 7 μg/mL MBP-MR LBD/P23 lysate; 5 nM aldosterone) was added onto the top of the spotted compound and preincubated for 1 h at RT. After 1 h an equal volume anti-rabbit Imaging beads coupled with rabbit anti-MBP were added to the assay mixture and incubated for >8 h at rt. The inhibition of the scintillation signal by displacement of the bound 3H-aldosterone by test compounds is measured by scintillation counting using a CCD camera detection using a LEADseeker (PerkinElmer).;Displacement of [3H]-aldosterone to human mineralocorticoid receptor LBD by radiometric binding assay;Antagonist activity at gal4-fused human mineralocorticoid receptor LBD expressed in UAS-MR-bla HEK293 cells by luciferase reporter gene assay;Antagonist activity at full length human mineralocorticoid receptor expressed in human U2OS cells by luciferase reporter gene assay",17778939;17778940;17778952;17778953;19363275;19363313;19363544,B;B;B;B;B;B;B,IC50;IC50;IC50;IC50;Ki;IC50;IC50,8;8;8;8;9;9;9,=;=;=;=;=;=;=,Homo sapiens;Homo sapiens;Homo sapiens;Homo sapiens;Homo sapiens;Homo sapiens;Homo sapiens,CHEMBL3986656;CHEMBL3916929;CHEMBL3986656;CHEMBL3916929;CHEMBL3916929;CHEMBL3916929;CHEMBL3916929,CHEMBL3886822;CHEMBL3886822;CHEMBL3886822;CHEMBL3886822;CHEMBL4422622;CHEMBL4422622;CHEMBL4422622,None;None;None;None;None;None;None,None;None;None;None;None;None;U2OS,Homologous protein target assigned;Homologous protein target assigned;Homologous protein target assigned;Homologous protein target assigned;Direct protein target assigned;Direct protein target assigned;Direct protein target assigned,None;None;None;None;None;None;None,None;None;None;None;None;None;None,None;2.0;None;2.0;2.0;2.0;2.0,False;False;False;False;False;False;False,-1;0;-1;0;0;0;0,False;False;False;False;False;False;False,True,6.67,0.3748523518857601,6.62,0.2199999999999997,7.0,NR3C2_IC50Ki_812,6.62,True
CHEMBL1994,NC(=O)CC1COc2cc(F)c(C3CC3)cc2N1C(=O)c1ccc2c(c1)NC(=O)CO2,NC(=O)C[C@H]1COc2cc(F)c(C3CC3)cc2N1C(=O)c1ccc2c(c1)NC(=O)CO2;NC(=O)C[C@H]1COc2cc(F)c(C3CC3)cc2N1C(=O)c1ccc2c(c1)NC(=O)CO2,8.500;7.100,CHEMBL4423290;CHEMBL4423293,Displacement of [3H]-aldosterone to human mineralocorticoid receptor LBD by radiometric binding assay;Antagonist activity at gal4-fused human mineralocorticoid receptor LBD expressed in UAS-MR-bla HEK293 cells by luciferase reporter gene assay,19363396;19363473,B;B,Ki;IC50,9;9,=;=,Homo sapiens;Homo sapiens,CHEMBL4581588;CHEMBL4581588,CHEMBL4422622;CHEMBL4422622,None;None,None;None,Direct protein target assigned;Direct protein target assigned,None;None,None;None,None;None,False;False,-1;-1,False;False,True,7.8,0.7000000000000002,7.8,0.7000000000000002,2.0,NR3C2_IC50Ki_815,7.8,True
CHEMBL1994,Cc1c(C(=O)Nc2ccc(S(C)(=O)=O)cc2)cc(CCO)n1-c1ccc(Cl)cc1C(F)(F)F,Cc1c(C(=O)Nc2ccc(S(C)(=O)=O)cc2)cc(CCO)n1-c1ccc(Cl)cc1C(F)(F)F;Cc1c(C(=O)Nc2ccc(S(C)(=O)=O)cc2)cc(CCO)n1-c1ccc(Cl)cc1C(F)(F)F,8.430;7.960,CHEMBL4008019;CHEMBL4008019,Antagonist activity at Gal4-fused human MR LBD (671 to 984 residues) expressed in African Green Monkey CV-1 cells assessed as inhibition of aldosterone-induced transactivation activity after 20 hrs by luciferase reporter gene assay;Antagonist activity at Gal4-fused human MR LBD (671 to 984 residues) expressed in African Green Monkey CV-1 cells assessed as inhibition of aldosterone-induced transactivation activity after 20 hrs by luciferase reporter gene assay,18033321;18033327,B;B,IC50;IC50,9;9,=;=,Homo sapiens;Homo sapiens,CHEMBL4064750;CHEMBL4064750,CHEMBL4007392;CHEMBL4007392,None;None,None;None,Direct protein target assigned;Direct protein target assigned,None;None,None;None,None;None,False;False,-1;-1,False;False,True,8.195,0.2349999999999998,8.195,0.2349999999999998,2.0,NR3C2_IC50Ki_821,8.195,True
CHEMBL1994,Cc1c(C(=O)Nc2ccc(S(C)(=O)=O)cc2)cc(CC(C)O)n1-c1ccc(Cl)cc1C(F)(F)F,Cc1c(C(=O)Nc2ccc(S(C)(=O)=O)cc2)cc(C[C@H](C)O)n1-c1ccc(Cl)cc1C(F)(F)F;Cc1c(C(=O)Nc2ccc(S(C)(=O)=O)cc2)cc(C[C@H](C)O)n1-c1ccc(Cl)cc1C(F)(F)F,8.510;8.210,CHEMBL4008019;CHEMBL4008019,Antagonist activity at Gal4-fused human MR LBD (671 to 984 residues) expressed in African Green Monkey CV-1 cells assessed as inhibition of aldosterone-induced transactivation activity after 20 hrs by luciferase reporter gene assay;Antagonist activity at Gal4-fused human MR LBD (671 to 984 residues) expressed in African Green Monkey CV-1 cells assessed as inhibition of aldosterone-induced transactivation activity after 20 hrs by luciferase reporter gene assay,18033322;18033328,B;B,IC50;IC50,9;9,=;=,Homo sapiens;Homo sapiens,CHEMBL4065788;CHEMBL4065788,CHEMBL4007392;CHEMBL4007392,None;None,None;None,Direct protein target assigned;Direct protein target assigned,None;None,None;None,None;None,False;False,-1;-1,False;False,True,8.36,0.1499999999999994,8.36,0.1499999999999994,2.0,NR3C2_IC50Ki_822,8.36,True
CHEMBL1994,CC(C)(CC(O)(Cc1cc2ccc(C#N)cc2[nH]1)C(F)(F)F)c1cc(S(C)(=O)=O)cc2c1OCC2,CC(C)(CC(O)(Cc1cc2ccc(C#N)cc2[nH]1)C(F)(F)F)c1cc(S(C)(=O)=O)cc2c1OCC2;CC(C)(C[C@](O)(Cc1cc2ccc(C#N)cc2[nH]1)C(F)(F)F)c1cc(S(C)(=O)=O)cc2c1OCC2;CC(C)(C[C@@](O)(Cc1cc2ccc(C#N)cc2[nH]1)C(F)(F)F)c1cc(S(C)(=O)=O)cc2c1OCC2,6.370;6.390;6.640,CHEMBL1913332;CHEMBL1913332;CHEMBL1913332,Displacement of tetramethylrhodamine-labeled Dexamethasone from human recombinant mineralocorticoid receptor expressed in baculovirus infected insect cells by fluorescence polarization assay;Displacement of tetramethylrhodamine-labeled Dexamethasone from human recombinant mineralocorticoid receptor expressed in baculovirus infected insect cells by fluorescence polarization assay;Displacement of tetramethylrhodamine-labeled Dexamethasone from human recombinant mineralocorticoid receptor expressed in baculovirus infected insect cells by fluorescence polarization assay,7851922;7851925;7851928,B;B;B,IC50;IC50;IC50,9;9;9,=;=;=,Homo sapiens;Homo sapiens;Homo sapiens,CHEMBL1911662;CHEMBL1911663;CHEMBL1911664,CHEMBL1909618;CHEMBL1909618;CHEMBL1909618,None;None;None,None;None;None,Direct protein target assigned;Direct protein target assigned;Direct protein target assigned,None;None;None,None;None;None,None;None;None,False;False;False,-1;-1;-1,False;False;False,True,6.466666666666666,0.1228368384845884,6.39,0.0199999999999995,3.0,NR3C2_IC50Ki_825,6.39,True
CHEMBL1994,Cn1ncc(-c2ccc3c(c2)NC(=O)CO3)c1-c1ccc(F)cc1,Cn1ncc(-c2ccc3c(c2)NC(=O)CO3)c1-c1ccc(F)cc1;Cn1ncc(-c2ccc3c(c2)NC(=O)CO3)c1-c1ccc(F)cc1,6.540;6.770,CHEMBL3381811;CHEMBL3381815,Displacement of [3H]aldosterone from human mineralocorticoid receptor expressed in 293 cells after 16 hrs by scintillation counting;Antagonist activity at human mineralocorticoid receptor expressed in COS1 cells after 1 day by luciferase reporter gene assay,15095235;15099885,B;B,IC50;IC50,9;9,=;=,Homo sapiens;Homo sapiens,CHEMBL3337725;CHEMBL3337725,CHEMBL3351638;CHEMBL3351638,None;None,293;COS-1,Direct protein target assigned;Direct protein target assigned,None;None,None;None,None;None,False;False,-1;-1,False;False,True,6.654999999999999,0.1149999999999997,6.654999999999999,0.1149999999999997,2.0,NR3C2_IC50Ki_833,6.654999999999999,True
CHEMBL1994,Cc1nn(CCNS(C)(=O)=O)c(-c2ccc(F)cc2)c1-c1ccc2c(c1)NC(=O)CO2,Cc1nn(CCNS(C)(=O)=O)c(-c2ccc(F)cc2)c1-c1ccc2c(c1)NC(=O)CO2;Cc1nn(CCNS(C)(=O)=O)c(-c2ccc(F)cc2)c1-c1ccc2c(c1)NC(=O)CO2,6.600;5.700,CHEMBL3381811;CHEMBL3381815,Displacement of [3H]aldosterone from human mineralocorticoid receptor expressed in 293 cells after 16 hrs by scintillation counting;Antagonist activity at human mineralocorticoid receptor expressed in COS1 cells after 1 day by luciferase reporter gene assay,15095252;15099900,B;B,IC50;IC50,9;9,=;=,Homo sapiens;Homo sapiens,CHEMBL3337827;CHEMBL3337827,CHEMBL3351638;CHEMBL3351638,None;None,293;COS-1,Direct protein target assigned;Direct protein target assigned,None;None,None;None,None;None,False;False,-1;-1,False;False,True,6.15,0.4499999999999997,6.15,0.4499999999999997,2.0,NR3C2_IC50Ki_856,6.15,True
CHEMBL1994,CC1=C(C#N)C(c2ccc(F)cc2Cl)C(C(=O)OC(C)(C)C)=C(C)N1,CC1=C(C#N)[C@@H](c2ccc(F)cc2Cl)C(C(=O)OC(C)(C)C)=C(C)N1;CC1=C(C#N)C(c2ccc(F)cc2Cl)C(C(=O)OC(C)(C)C)=C(C)N1;CC1=C(C#N)[C@H](c2ccc(F)cc2Cl)C(C(=O)OC(C)(C)C)=C(C)N1,8.430;7.230;5.450,CHEMBL1120985;CHEMBL1120985;CHEMBL1120985,Antagonist activity at Gal4-fused mineralocorticoid receptor expressed in human HuH7 cells assessed as inhibition of aldosterone-induced receptor activation by luciferase reporter gene assay;Antagonist activity at Gal4-fused mineralocorticoid receptor expressed in human HuH7 cells assessed as inhibition of aldosterone-induced receptor activation by luciferase reporter gene assay;Antagonist activity at Gal4-fused mineralocorticoid receptor expressed in human HuH7 cells assessed as inhibition of aldosterone-induced receptor activation by luciferase reporter gene assay,3285836;3285841;3285857,F;F;F,IC50;IC50;IC50,8;8;8,=;=;=,Homo sapiens;Homo sapiens;Homo sapiens,CHEMBL1097751;CHEMBL1094114;CHEMBL1097750,CHEMBL1157753;CHEMBL1157753;CHEMBL1157753,None;None;None,Huh-7;Huh-7;Huh-7,Homologous protein target assigned;Homologous protein target assigned;Homologous protein target assigned,None;None;None,None;None;None,None;None;None,False;False;False,-1;-1;-1,False;False;False,True,7.036666666666666,1.224236723659095,7.23,1.1999999999999993,3.0,NR3C2_IC50Ki_859,7.23,True
CHEMBL1994,N#Cc1ccc(N2N=C3c4ccc(C(=O)O)cc4COC3C2C2CCCC2)cc1Cl,N#Cc1ccc(N2N=C3c4ccc(C(=O)O)cc4CO[C@@H]3[C@@H]2C2CCCC2)cc1Cl;N#Cc1ccc(N2N=C3c4ccc(C(=O)O)cc4CO[C@H]3[C@H]2C2CCCC2)cc1Cl,7.190;6.840,CHEMBL1219662;CHEMBL1219662,Antagonist activity at Gal4-tagged mineralocorticoid receptor expressed in human Huh7 cells by luciferase reporter gene assay;Antagonist activity at Gal4-tagged mineralocorticoid receptor expressed in human Huh7 cells by luciferase reporter gene assay,3403591;3403592,F;F,IC50;IC50,8;8,=;=,Homo sapiens;Homo sapiens,CHEMBL1215556;CHEMBL1215624,CHEMBL1212897;CHEMBL1212897,None;None,Huh-7;Huh-7,Homologous protein target assigned;Homologous protein target assigned,None;None,None;None,None;None,False;False,-1;-1,False;False,True,7.015000000000001,0.1750000000000002,7.015000000000001,0.1750000000000002,2.0,NR3C2_IC50Ki_866,7.015000000000001,True
CHEMBL1994,Cc1nn(Cc2ccccc2)c(-c2ccc(F)cc2)c1-c1ccc2c(c1)NC(=O)CO2,Cc1nn(Cc2ccccc2)c(-c2ccc(F)cc2)c1-c1ccc2c(c1)NC(=O)CO2;Cc1nn(Cc2ccccc2)c(-c2ccc(F)cc2)c1-c1ccc2c(c1)NC(=O)CO2,7.000;7.190,CHEMBL3381811;CHEMBL3381815,Displacement of [3H]aldosterone from human mineralocorticoid receptor expressed in 293 cells after 16 hrs by scintillation counting;Antagonist activity at human mineralocorticoid receptor expressed in COS1 cells after 1 day by luciferase reporter gene assay,15095241;15099891,B;B,IC50;IC50,9;9,=;=,Homo sapiens;Homo sapiens,CHEMBL3337731;CHEMBL3337731,CHEMBL3351638;CHEMBL3351638,None;None,293;COS-1,Direct protein target assigned;Direct protein target assigned,None;None,None;None,None;None,False;False,-1;-1,False;False,True,7.095000000000001,0.0950000000000002,7.095000000000001,0.0950000000000002,2.0,NR3C2_IC50Ki_875,7.095000000000001,True
