Item Name	Smiles	Plate Location	CAS Number	Concentration	Catalog Number	Target	Brief Description
MK-2206 dihydrochloride	C1(=CC=CC=C1)C2(=C(N=C3C(=C2)C4N(C=C3)C(NN=4)=O)C5=CC=C(C=C5)C6(CCC6)N).Cl.Cl	d7-L1200-01	1032350-13-2, 1032349-93-1 (free base), 1032349-77-1 (HCl)	10 mM	S1078	Akt	MK2206 an Akt inhibitor with IC50 at 8 nm, 2 mM, 65 mM for Akt1, Akt2 and Akt3, respectively is available on Selleck.
GSK690693	C12=C(C(=CN=C1C#CC(C)(O)C)OC[C@@H]3CNCCC3)N(C(=N2)C4C(=NON=4)N)CC	a10-L1200-01	937174-76-0	10 mM	S1113	Akt	GSK690693 is a pan-Akt inhibitor targeting Akt1, Akt2 and Akt3 with IC50 of 2 nM, 13 nM, and 9 nM, respectively.
Triciribine (Triciribine phosphate)	[C@H]1([C@@H]([C@H](O[C@@H]1N2C3=C4C(=C2)C(=NN(C4=NC=N3)C)N)CO)O)O	d10-L1200-01	35943-35-2	10 mM	S1117	Akt	Triciribine (TCN, API-2) is a DNA synthesis inhibitor and also inhibits Akt and HIV-1 with IC50 of 130 nM and 20 nM, respectively.
PHT-427	C1=C(C=CC(=C1)S(=O)(NC2=NN=CS2)=O)CCCCCCCCCCCC	e9-L1200-02	1191951-57-1, 1178893-77-0	10 mM	S1556	Akt	PHT-427 is a dual Akt and PDPK1 inhibitor with Ki of 2.7 _M and 5.2 _M, respectively.
CCT128930	N1=CN=C2C(=C1N3CCC(CC3)(N)CC4=CC=C(C=C4)Cl)C=CN2	c6-L1200-03	885499-61-6	10 mM	S2635	Akt	CCT128930 is a novel potent ATP-competitive, AKT inhibitor with an IC50 of 6 nM.
GDC-0068	C1CN(CCN1C([C@@H](C2=CC=C(C=C2)Cl)CNC(C)C)=O)C3=C4C(=NC=N3)[C@H](C[C@H]4C)O	b4-L1200-04	1001264-89-6	10 mM	S2808	Akt	GDC-0068 is a highly selective pan-Akt inhibitor targeting Akt1, Akt2 and Akt3 with IC50 of 5 nM, 18 nM and 8 nM, respectively.
A-674563	C1=CC=CC(=C1)C[C@@H](COC2=CC(=CN=C2)C3=CC4=C(C=C3)NN=C4C)N	a7-L1200-03	552325-73-2	10 mM	S2670	Akt, CDK, PKA	A-674563 is a potent selective protein kinase B/Akt inhibitor with an IC50 of 14 nM.
AT7867	C1(=CC=C(C=C1)C2(C3=CC=C(C=C3)C4=CNN=C4)CCNCC2)Cl	g9-L1200-02	857531-00-1	10 mM	S1558	Akt, S6 kinase	AT7867 is a potent and oral AKT and p70 S6 kinase inhibitor with an IC50 of 17 nM.
TAE684 (NVP-TAE684)	C1=CC(=CC(=C1NC2=NC=C(C(=N2)NC3=C(C=CC=C3)S(=O)(=O)C(C)C)Cl)OC)N4CCC(CC4)N5CCN(CC5)C	e9-L1200-01	761439-42-3	10 mM	S1108	ALK	ALK inhibitor with an IC50 between 2 and 10 nM.
CH5424802	C1(=CC=C2C(=C1)NC3=C2C(C4=C(C3(C)C)C=C(C(=C4)CC)N5CCC(CC5)N6CCOCC6)=O)C#N	c2-L1200-04	1256580-46-7, 1256589-74-8 (HCl)	10 mM	S2762	ALK	CH5424802 is a potent and selective ALK inhibitor with IC50 of 1.9 nM.
Phenformin hydrochloride	C1(=CC=C(C=C1)CCNC(NC(=N)N)=N).Cl	a5-L1200-03	834-28-6	10 mM	S2542	AMPK	Phenformin hydrochloride is a hydrochloride salt of phenformin that is an anti-diabetic drug from the biguanide class.
A-769662	C1(=CC=C(C=C1)C2=CSC3=C2C(=C(C(N3)=O)C#N)O)C4=CC=CC=C4O	f8-L1200-03	844499-71-4	10 mM	S2697	AMPK	A-769662 is a potent, reversible AMP-activated protein kinase (AMPK) activator with an EC50 of 0.8 _M.
KU-55933	C1=CC=C2C(=C1)SC3=C(S2)C=CC=C3C4=CC(C=C(O4)N5CCOCC5)=O	b8-L1200-01	587871-26-9	10 mM	S1092	ATM	ATM inhibitor with an IC50 of 13 nM and a Ki of 2.2 nM.
KU-60019	C1=C(C=CC2=C1CC3=C(S2)C(=CC=C3)C4=CC(C=C(O4)N5CCOCC5)=O)NC(CN6C[C@@H](O[C@@H](C6)C)C)=O	b10-L1200-02	925701-49-1	10 mM	S1570	ATM	KU-60019 is a specific improved ATM kinase inhibitor.
VX-680 (MK-0457, Tozasertib)	C1(=CC(=NC(=N1)SC2=CC=C(C=C2)NC(=O)C3CC3)N4CCN(CC4)C)NC5C=C(NN=5)C	g5-L1200-01	639089-54-6, 639090-58-7 (sulfate)	10 mM	S1048	Aurora Kinase	VX-680 (MK-0457) is an inhibitor of Aurora-A,-B,-C kinases with apparent inhibition constant values of 0.6,18,4.6 nM respectively. Order VX-680 (MK-0457) from supplier Selleck for research use only.
MLN8054	C1=C(C=C2C(=C1)C3=C(CN=C2C4=C(C=CC=C4F)F)C=NC(=N3)NC5=CC=C(C=C5)C(=O)O)Cl	e8-L1200-01	869363-13-3, 869366-15-4 (sodium salt)	10 mM	S1100	Aurora Kinase	MLN8054 is a potent and selective inhibitor of Aurora A with IC50 of 4 nM.
ZM-447439	O1CCN(CC1)CCCOC2=C(C=C3C(=C2)N=CN=C3NC4=CC=C(C=C4)NC(=O)C5=CC=CC=C5)OC	h8-L1200-01	331771-20-1	10 mM	S1103	Aurora Kinase	ZM-447439 is a poten, selective ATP-competitive Aurora B kinase inhibitor with an IC50 of 50 nM, 1 _M and 250 nM for Aurora B, A and C, respectively.
MLN8237 (Alisertib)	C1=CC=C(C(=C1OC)C2=NCC3=C(C4=C2C=C(C=C4)Cl)N=C(N=C3)NC5=CC(=C(C=C5)C(O)=O)OC)F	h10-L1200-01	1028486-01-2, 1186318-95-5, 1028486-06-7 (sodium salt)	10 mM	S1133	Aurora Kinase	MLN8237 (MLN-8237) is a selective Aurora kinase A inhibitor with a median IC50 of 61 nM.
Barasertib (AZD1152-HQPA)	C1(=CC=C2C(=C1)N=CN=C2NC3NN=C(C=3)CC(NC4=CC=CC(=C4)F)=O)OCCCN(CCO)CC	e11-L1200-01	722544-51-6	10 mM	S1147	Aurora Kinase	AZD1152-HQPA is a highly potent and selective inhibitor of Aurora B (Ki, 0.36 nM)
SNS-314	C12(=C(N=CN=C1NCCC3SC(=NC=3)NC(NC4=CC(=CC=C4)Cl)=O)C=CS2).CS(=O)(=O)O	h11-L1200-01	1146618-41-8, 1057249-41-8 (FREE BASE)	10 mM	S1154	Aurora Kinase	SNS-314 Mesylate is a potent and selective Aurora kinase inhibitor with IC50 of 9, 31, and 3.4 nM for Aurora kinases A, B, and C, respectively. 
Aurora A Inhibitor I	N1=CC(=C(N=C1NC2=CC=C(C=C2)CC(N3CCN(CC3)CC)=O)NC4=CC=C(C=C4)C(NC5=CC=CC=C5Cl)=O)F	d6-L1200-02	1158838-45-9	10 mM	S1451	Aurora Kinase	Aurora A Inhibitor I is a selective Aurora A inhibitor (Aurora A: IC50 at 0.0034 _M; Aurora B: IC50 at 3.4 _M), (B / A ratio=1000).
PHA-680632	C1(=CC=C(C=C1)C(=O)NC2C3=C(NN=2)CN(C3)C(=O)NC4=C(C=CC=C4CC)CC)N5CCN(CC5)C	e6-L1200-02	398493-79-3	10 mM	S1454	Aurora Kinase	PHA-680632 is the first representative of a new class of Aurora inhibitors (Aurora A/B/C IC50 at 27,135 and 120 nM, respectively).
CCT129202	C1(=CN=C2C(=C1N3CCN(CC3)CC(NC4SC=CN=4)=O)N=C(N2)C5=CC=C(C=C5)N(C)C)Cl	b8-L1200-02	942947-93-5	10 mM	S1519	Aurora Kinase	CCT129202 is a Aurora kinase inhibitor with IC50 of 0.042 ± 0.022, 0.198 ± 0.05, and 0.227 ± 0.064 _mol/L for Aurora A, Aurora B, and Aurora C, respectively.
Hesperadin	C1(=CC=C2C(=C1)/C(C(N2)=O)=C(\C3=CC=CC=C3)NC4=CC=C(C=C4)CN5CCCCC5)NS(CC)(=O)=O	f8-L1200-02	422513-13-1	10 mM	S1529	Aurora Kinase	Hesperadin is a human Aurora B inhibitor with an IC50 of 40 nM for the prevention of the phosphorylation of substrate.
TAK-901	C1N(CCC(C1)NC(C2=C(C3=C(C(=C2)C4=CC(=CC=C4)S(CC)(=O)=O)C5=C(N3)N=CC(=C5)C)C)=O)C	a9-L1200-03	934541-31-8, 934542-50-4 (HCl), 1020203-96-6 (Fumaric acid), 1020203-86-4 (benzenesulfonate)	10 mM	S2718	Aurora Kinase	TAK-901 is a small-molecule inhibitor of the serine-threonine kinase Aurora B with potential antineoplastic activity.
AMG 900	C1=CC(=C(N=C1)OC2=CC=C(C=C2)NC3C4=C(C(=NN=3)C5SC=C(C=5)C)C=CC=C4)C6=NC(=NC=C6)N	b9-L1200-03	945595-80-2	10 mM	S2719	Aurora Kinase	AMG 900 is a novel potent and highly selective Pan-aurora kinase inhibitor with an IC50 of median 3.5 nM.
PF-03814735	C12=C(C=C(C=C1)NC3=NC(=C(C=N3)C(F)(F)F)NC4CCC4)[C@@H]5CC[C@@H]2N5C(CNC(C)=O)=O	d9-L1200-03	942487-16-3	10 mM	S2725	Aurora Kinase	PF-03814735 is a novel, potent and reversible inhibitor of both Aurora A and Aurora B with IC50 of 0.8 nM and 5 nM, respectively.
GSK1070916	C1=CN=C2C(=C1C3=CN(N=C3C4=CC=C(C=C4)NC(N(C)C)=O)CC)C=C(N2)C5=CC=CC(=C5)CN(C)C	e10-L1200-03	942918-07-2	10 mM	S2740	Aurora Kinase	GSK1070916 is a reversible and ATP-competitive inhibitor of Aurora B and Aurora C with IC50 of 3.5 nM and 6.5 nM, respectively.
CCT137690	C1(=CN=C2C(=C1N3CCN(CC3)CC4C=C(ON=4)C)N=C(N2)C5=CC=C(C=C5)N6CCN(CC6)C)Br	h10-L1200-03	1095382-05-0	10 mM	S2744	Aurora Kinase	CCT137690 is a highly selective inhibitor of Aurora A, Aurora B and Aurora C with IC50 of 15 nM, 25 nM and 19 nM, respectively.
MK-5108 (VX-689)	N1=C(C=CC=C1C[C@]2(CC[C@H](CC2)OC3=C(C(=CC=C3)Cl)F)C(=O)O)NC4SC=CN=4	g2-L1200-04	1010085-13-8	10 mM	S2770	Aurora Kinase	MK-5108 (VX-689) is a highly selective Aurora A inhibitor with IC50 of 0.064 nM.
Danusertib (PHA-739358)	C1(=CC=CC=C1)[C@H](C(N2CC3=C(C2)C(=NN3)NC(=O)C4=CC=C(C=C4)N5CCN(CC5)C)=O)OC	d9-L1200-01	827318-97-8	10 mM	S1107	Aurora Kinase, FGFR, Bcr-Abl, c-RET, Src	PHA-739358 (Danusertib) is a pyrrolo-pyrazole and small molecule Aurora kinases and Bcr-Abl kinase inhibitor with IC50 of 13, 79, and 61 nM for Aurora A, B, and C, respectively.
CYC116	C1(=NC=CC(=N1)C2SC(=NC=2C)N)NC3=CC=C(C=C3)N4CCOCC4	e2-L1200-02	693228-63-6, 1067881-58-6	10 mM	S1171	Aurora Kinase, VEGFR	CYC116 is an orally bioavailable, small molecule Aurora kinase and VEGFR2 inhibitor.
Nilotinib (AMN-107)	C1(=CC=C(C(=C1)NC2=NC=CC(=N2)C3=CN=CC=C3)C)C(=O)NC4=CC(=CC(=C4)N5C=C(N=C5)C)C(F)(F)F	d4-L1200-01	641571-10-0	10 mM	S1033	Bcr-Abl	Nilotinib (AMN-107) is inhibitor of BCR-ABL with IC50 < 30nM. 
DCC-2036 (Rebastinib)	C1(=C(C=C(C=C1)OC2=CC(=NC=C2)C(NC)=O)F)NC(NC3N(N=C(C=3)C(C)(C)C)C4=CC5=C(C=C4)N=CC=C5)=O	b6-L1200-03	1020172-07-9, 1020172-08-0 (2HCl), 1033893-29-6 (4-methylbenzenesulfonate)	10 mM	S2634	Bcr-Abl	DCC-2036 is an ABL switch control inhibitor with IC50 of 0.8 and 2 nM for u-ABL1native and p-ABL1native, respectively.
AT9283	N(C(=O)NC1C(=NNC=1)C2NC3C(N=2)=CC(=CC=3)CN4CCOCC4)C5CC5	a11-L1200-01	896466-04-9, 896466-57-2 ((±)-Lactic acid), 896466-61-8 (HCl), 896466-55-0 (methanesulfonate)	10 mM	S1134	Bcr-Abl, JAK, Aurora Kinase	AT9283 is a small molecule a multi-targeted c-ABL, JAK2, Aurora A and B inhibitor with of 4, 1.2, 1.1 and approximate 3 nM for Bcr-Abl(T3151), Jak2 and Jak3, aurora A and B, respectively.
Ponatinib (AP24534)	C1C=NN2C(C=1)=NC=C2C#CC3=C(C=CC(=C3)C(=O)NC4=CC(=C(C=C4)CN5CCN(CC5)C)C(F)(F)F)C	h7-L1200-02	943319-70-8, 1232836-25-7 (3HCl)	10 mM	S1490	Bcr-Abl, VEGFR, FGFR, PDGFR, Flt	AP24534 is a novel potent, orally available small molecule multitargeted kinase inhibitor with IC50 of 0.37, 2, 1.5, 2.2, 1.1, 1and 0.24 nM for native pan-BCR-ABL, mutated form, VEGFR2, FGFR1, PDGFR_, mutant FLT3 phosphorylation and LYN.
PDĘ0332991Ę(Palbociclib)ĘHCl	N1(=C(N=C2C(=C1)C(=C(C(N2C3CCCC3)=O)C(C)=O)C)NC4=NC=C(C=C4)N5CCNCC5).Cl	c10-L1200-01	827022-32-2, 571190-30-2 (free base)	10 mM	S1116	CDK	PD 0332991 is a CDK inhibitor with IC50 of 0.011 _M for Cdk4 and IC50 of 0.016 _M for Cdk6. 
SNS-032 (BMS-387032)	C1(=CN=C(O1)CSC2=CN=C(S2)NC(=O)C3CCNCC3)C(C)(C)C	d11-L1200-01	345627-80-7, 345627-90-9 (HCl)	10 mM	S1145	CDK	SNS-032 (BMS-387032) is a potent and selective cyclin-dependent kinases (CDK) 9, 7 and 2 inhibitor with IC50 of 4, 62 and 38 nM for CDK9, CDK2/cyclin A and CDK7/Cyclin H.
Roscovitine (Seliciclib, CYC202)	N1=C2C(=C(N=C1N[C@@H](CO)CC)NCC3=CC=CC=C3)N=CN2C(C)C	g11-L1200-01	186692-46-6	10 mM	S1153	CDK	Roscovitine also known as CYC202 & Seliciclib. Roscovitine with purity >99% & solubility DMSO is available.
PHA-793887	N1N=C(C2=C1C(N(C2)C(C3CCN(CC3)C)=O)(C)C)NC(CC(C)C)=O	f7-L1200-02	718630-59-2, 718630-60-5 (HCl)	10 mM	S1487	CDK	PHA-793887 is a novel pan-cdk inhibitor, including cdk1, cdk2, cdk4, cdk5, cdk7, and cdk9 with IC50 in the 5 to 140 nM range.
AT7519	C1=C(C(=C(C=C1)Cl)C(NC2=CNN=C2C(=O)NC3CCNCC3)=O)Cl	d8-L1200-02	844442-38-2, 902135-91-5 (HCl), 902135-89-1 (methanesulfonate)	10 mM	S1524	CDK	AT7519 is a kinase inhibitor with IC50 of 0.19, 0.044, 0.51, 0.067, 0.66 and 0.018 _M for CDK1/cyclinB, CDK2/CyclinA, CDK2/Cyclin E, CDk4/CyclinD1, CDK6/Cyclin D3, CDk5/p35.
BS-181 HCl	C1(=CC(=NC2N1N=CC=2C(C)C)NCCCCCCN)NCC3(=CC=CC=C3).Cl	c10-L1200-02	1092443-52-1 (free base)	10 mM	S1572	CDK	BS-181 is a selective cyclin-dependent kinase inhibitor with an IC50 of 21 nM for the inhibition of CDK-activating kinase.
BMS-265246	C(=O)(C1C(=CC(=CC=1F)C)F)C2C(=C3C(=NC=2)NN=C3)OCCCC	g10-L1200-02	582315-72-8	10 mM	S2014	CDK	BMS265246 is a potent and selective CDK inhibitor for CDK1/cyclin B and CDK2/cyclin E with IC50 of 6 nM and 9 nM, respectively.
AZD5438	C1=C(C=CC(=C1)NC2=NC=CC(=N2)C3=CN=C(N3C(C)C)C)S(=O)(C)=O	d5-L1200-03	602306-29-6	10 mM	S2621	CDK	AZD5438 is a potent cyclin-dependent kinase (cdk) 1, 2 and 9 inhibitor with IC50 of 16, 6 and 20 nM, respectively.
Flavopiridol hydrochloride	C1(=C(C(=C2C(=C1O)C(C=C(O2)C3=C(C=CC=C3)Cl)=O)[C@@]4([C@@H](CN(CC4)C)O)[H])O).Cl	e7-L1200-03	131740-09-5, 146426-40-6 (free base), 358739-41-0 (TFA)	10 mM	S2679	CDK	Flavopiridol hydrochloride is a pan-cdk inhibitor.
PHA-767491	C1=NC=CC(=C1)C2NC3=C(C=2)C(NCC3)=O	f10-L1200-03	845714-00-3, 942425-68-5 (HCl)	10 mM	S2742	CDK	PHA-767491 is a potent ATP-competitive dual Cdc7/CDK9 inhibitor with IC50 of 10 nM and 34 nM, respectively.
PHA-848125	C12CC(C3=C(C(=NC(=NC=1)NC4=CC=C(C=C4)N5CCN(CC5)C)2)N(N=C3C(NC)=O)C)(C)C	e11-L1200-03	802539-81-7, 802540-32-5 (3HCl), 1253645-38-3 (Maleic acid)	10 mM	S2751	CDK	PHA-848125 is a potent, ATP-competitive cyclin A/CDK2 inhibitor with IC50 of 45 nM.
Dinaciclib (SCH727965)	C1C[C@H](N(CC1)C2C=C(N3C(N=2)=C(C=N3)CC)NCC4=CC=C[N+](=C4)[O-])CCO	e2-L1200-04	779353-01-4	10 mM	S2768	CDK	Dinaciclib (SCH727965) is a novel and potent CDK inhibitor for CDK2, CDK5, CDK1 and CDK9 with IC50 of 1 nM, 1 nM, 3 nM and 4 nM, respectively.
JNJ-7706621	C1(=CC=C(C=C1)NC2N=C(N(N=2)C(C3=C(C=CC=C3F)F)=O)N)S(N)(=O)=O	c4-L1200-02	443797-96-4	10 mM	S1249	CDK, Aurora Kinase	JNJ-7706621 is a dual cyclin-dependent kinases and aurora kinases inhibitor with IC50 of 9 and 11 nM for CDK1/Cyclin B and aurora-A, respectively.
AZD7762	C1(=CC=CC(=C1)C2SC(=C(C=2)NC(N)=O)C(N[C@@H]3CNCCC3)=O)F	a9-L1200-02	860352-01-8, 1246094-78-9 (HCl), 1192875-06-1 (Fumaric acid)	10 mM	S1532	Chk	AZD7762 is a novel checkpoint kinase inhibitor with an IC50 of 5 and <10 nM for CHK1 and CHK2, respectively.
LY2603618 (IC-83)	C1=C(C(=CC(=C1OC[C@@H]2CNCCO2)NC(NC3=CN=C(C=N3)C)=O)Br)C	h5-L1200-03	911222-45-2	10 mM	S2626	Chk	LY2603618 (IC-83) is a highly selective Chk 1 inhibitor with potential antitumor activity.
CHIR-124	C1(C(=C(C2=C(N1)C=CC(=C2)Cl)N[C@H]3C4CCN(C3)CC4)C5=NC6=C(N5)C=CC=C6)=O	a8-L1200-03	405168-58-3	10 mM	S2683	Chk	CHIR-124 is a novel and potent Chk1 inhibitor with IC50 of 0.3 nM.
Masitinib (AB1010)	C1(=C(C=C(C=C1)NC(=O)C2=CC=C(C=C2)CN3CCN(CC3)C)NC4=NC(=CS4)C5=CC=CN=C5)C	c6-L1200-01	790299-79-5, 1048007-93-7 (methanesulfonate)	10 mM	S1064	c-Kit, PDGFR, FGFR, FAK	Masitinib also known as Masivet, AB1010 is a tyrosine kinase, c-Kit, PDGFR, FGFR3, the FAK pathway inhibitor with IC50 of 150 ± 80, 200 ± 40 nM.
Regorafenib (BAY 73-4506)	C1=NC(=CC(=C1)OC2=CC(=C(C=C2)NC(NC3=CC=C(C(=C3)C(F)(F)F)Cl)=O)F)C(=O)NC	h2-L1200-02	755037-03-7, 835621-07-3 (HCl), 835621-08-4 (methanesulfonate)	10 mM	S1178	c-Kit, Raf, VEGFR	BAY 73-4506(Regorafenib) is a multikinase inhibitor with IC50 of 17, 40 and 69 nM c-KIT, VEGFR2, B-Raf.
OSI-930	C1=CC=C2C(=C1)C(=CC=N2)CNC3=C(SC=C3)C(NC4=CC=C(C=C4)OC(F)(F)F)=O	g3-L1200-02	728033-96-3	10 mM	S1220	c-Kit, VEGFR	OSI-930 is an inhibitor of the receptor tyrosine kinases c-Kit (IC50:9.5nM) and VEGFR-2 (IC50:10.1nM).
PHA-665752	C1=CC=C(C(=C1Cl)CS(C2=CC3=C(C=C2)NC(C/3=C/C4=C(C(=C(N4)C)C(N5[C@H](CCC5)CN6CCCC6)=O)C)=O)(=O)=O)Cl	g6-L1200-01	477575-56-7, 1262750-60-6(HCl)	10 mM	S1070	c-Met	PHA-665752 is a potent, selective and ATP-competitive c-Met inhibitor with IC50 of 9 nM.
SU11274	C1(=CC=CC(=C1)N(C)S(C2=CC3=C(C=C2)NC(C/3=C/C4NC(=C(C=4C)C(N5CCN(CC5)C)=O)C)=O)(=O)=O)Cl	f7-L1200-01	658084-23-2	10 mM	S1080	c-Met	SU11274 is a c-Met inhibitor (IC50 at 0.012_M).
PF-04217903	C12=CC=CN=C1C=CC(=C2)CN3C4=C(N=N3)N=CC(=N4)C5=CN(N=C5)CCO	d8-L1200-01	956905-27-4, 956906-93-7 (methanesulfonate), 1159490-81-9 (HCl)	10 mM	S1094	c-Met	PF-04217903 is an orally bioavailabe, small-molecule MET tyrosine kinase inhibitor with an IC50 from 3.1 nM to142 nM. 
SGX-523	C1=C2C(=CC(=C1)SC3N4C(=NN=3)C=CC(=N4)C5C=NN(C=5)C)C=CC=N2	h9-L1200-01	1022150-57-7, 1072116-01-8	10 mM	S1112	c-Met	SGX-523 is an exquisitely selective, ATP-competitive MET receptor tyrosine kinase inhibitor with an IC50 of 4 nM for the inhibition of HGFR.
JNJ-38877605	N1=CC=CC2=C1C=CC(=C2)C(C3N4C(=NN=3)C=CC(=N4)C5C=NN(C=5)C)(F)F	b10-L1200-01	943540-75-8, 1093204-17-1 (X methanesulfonate), 1093204-20-6 (XHCl)	10 mM	S1114	c-Met	JNJ-38877605 is a c-MET inhibitor with an IC50 of 4 nM.
AMG-208	C1(=CC=C2C(=C1)N=CC=C2OCC3N4C(=NN=3)C=CC(=N4)C5=CC=CC=C5)OC	b5-L1200-02	1002304-34-8 	10 mM	S1316	c-Met	AMG-208 is a highly selective c-Met inhibitor with IC50 of 9.3 nM.
BMS 777607	C1(=C(N=CC=C1OC2=CC=C(C=C2F)NC(=O)C3C(N(C=CC=3OCC)C4=CC=C(C=C4)F)=O)N)Cl	h9-L1200-02	1196681-44-3, 1025720-94-8	10 mM	S1561	c-Met	BMS 777607 is a Small-Molecule Met Kinase Inhibitor with an IC50 of < 0.1 _M.
AMG458	N1(N(C(C(=C1C)C(=O)NC2C=CC(=CN=2)OC3C=CN=C4C=C(C=CC=34)OC)=O)C5C=CC=CC=5)CC(C)(C)O	c11-L1200-03	913376-83-7 	10 mM	S2747	c-Met	AMG 458 is a potent c-Met inhibitor of human c-Met and mouse c-Met with Ki of 1.2 nM or 2.0 nM.
ARQ 197 (Tivantinib)	C12=C3CCCN1C=C(C2=CC=C3)[C@]4([C@@](C(NC4=O)=O)(C5=CNC6=C5C=CC=C6)[H])[H]	g11-L1200-03	905854-02-6, 1000873-98-2, 1228508-24-4	10 mM	S2753	c-Met	ARQ-197 is a novel and selective human c-Met inhibitor with IC50 of 0.1 _M.
NVP-BVU972	C1C(=NN2C(C=1)=NC=C2CC3=CC=C4C(=C3)C=CC=N4)C5C=NN(C=5)C	b2-L1200-04	1185763-69-2	10 mM	S2761	c-Met	NVP-BVU972 is a selective and potent Met inhibitor with IC50 of 14 nM.
MK-2461	C12=C(C(C3=C(C=C1)C=CC(=C3)NS(N(C[C@H]4OCCOC4)C)(=O)=O)=O)C=C(C=N2)C5=CN(N=C5)C	h2-L1200-04	917879-39-1, 1196681-15-8, 1170702-87-0 (sodium salt)	10 mM	S2774	c-Met	MK-2461 is a potent inhibitor of c-Met, Ron, Flt1/3, PDGFR_, Mer and FGFR1/2/3 with IC50 of 2.5 nM, 7 nM, 10 nM/22 nM, 22 nM, 24 nM and 65 nM/39 nM/50 nM, respectively.
INCB28060	C(C1C(=CC(=CC=1)C2C=NC3N(N=2)C(=CN=3)CC4C=C5C=CC=NC(=CC=4)5)F)(=O)NC	c3-L1200-04	1029712-80-8, 1029714-89-3 (XHCl), 1197376-85-4 (2HCl)	10 mM	S2788	c-Met	INCB28060 is a novel, ATP-competitive inhibitor of c-MET with IC50 of 0.13 nM.
Golvatinib (E7050)	C1=C(C=CC(=C1F)NC(C2(C(NC3=CC=C(C=C3)F)=O)CC2)=O)OC4=CC(=NC=C4)NC(N5CCC(CC5)N6CCN(CC6)C)=O	g5-L1200-04	928037-13-2 , 1007601-96-8 (L(+)-Tartaric Acid), 1007601-91-3 (Fumaric acid)	10 mM	S2859	c-Met	E7050 is a dual c-Met and VEGFR-2 inhibitor with IC50 of 14 nM and 16 nM, respectively.
Crizotinib (PF-02341066)	C1(=CC(=C(N=C1)N)O[C@@H](C2=C(C=CC(=C2Cl)F)Cl)C)C3=CN(N=C3)C4CCNCC4	f6-L1200-01	877399-52-5, 877399-53-6 (acetate)	10 mM	S1068	c-Met, ALK	Inhibitor of the c-Met kinase and the NPM-ALK. PF-2341066 inhibited cell proliferation in ALK-positive ALCL cells (IC50s=30 nM).
Amuvatinib (MP-470)	C1=CC=C2C(=C1)C3=C(O2)C(=NC=N3)N4CCN(CC4)C(=S)NCC5=CC=C6C(=C5)OCO6	b4-L1200-02	850879-09-3	10 mM	S1244	c-Met, c-Kit, PDGFR, Flt, c-RET	MP470 is a multi-targeted tyrosine kinase inhibitor with potent activity against mutant c-Met, c-Kit, PDGFRalpha, Flt3, and c-Ret and with an IC50 of median 5 _M.
Foretinib (GSK1363089, XL880)	C1(=CC=C(C=C1)F)NC(C2(C(NC3=CC(=C(C=C3)OC4C5=C(N=CC=4)C=C(C(=C5)OC)OCCCN6CCOCC6)F)=O)CC2)=O	g9-L1200-01	849217-64-7, 1332889-22-1 (H2O)	10 mM	S1111	c-Met, VEGFR	Foretinib (GSK1363089, XL880) is a novel MET and VEGFR2/KDR kinases inhibitor with an IC50 of 0.4 and 0.8 nM for MET and KDR, respectively.
BMS 794833	N1=C(C(=C(C=C1)OC2=CC=C(C=C2F)NC(C3=CNC=C(C3=O)C4=CC=C(C=C4)F)=O)Cl)N	c2-L1200-03	1174046-72-0, 1174161-83-1 (HCl)	10 mM	S2201	c-Met, VEGFR	BMS-794833 is a potent ATPcompetitive Met/VEGFR-2 kinase inhibitor and it also inhibits Ron (Met family),Axl and Flt-3 with IC50 values <3 nM.
MGCD-265	C1(=CC=CC=C1)CC(NC(NC2=CC=C(C(=C2)F)OC3=C4C(=NC=C3)C=C(S4)C5N=CN(C=5)C)=S)=O	e5-L1200-02	875337-44-3	10 mM	S1361	c-Met, VEGFR, Tie-2	MGCD-265 is a multi-targeted kinase inhibitor, which targets the c-MET, VEGFR1, VEGFR2, VEGFR3, Tie-2 and Ron receptor tyrosine kinases.
PP-121	C1(=CN=C2C(=C1)C=CN2)C3=NN(C4=C3C(=NC=N4)N)C5CCCC5	e5-L1200-03	1092788-83-4	10 mM	S2622	DNA-PK, mTOR, PDGF	PP121 is a multitargeted dual receptor tyrosine kinases inhibitor with IC50 of 0.052, 1.4, 0.15, 1.1, 0.06, 0.01and 0.002 _M for p110_, p110_, p110_, p110_, DNA-PK, mTOR and PDGFR, respectively.
NU7441(KU-57788)	C1=C(OC2=C(C1=O)C=CC=C2C3=CC=CC4=C3SC5=C4C=CC=C5)N6CCOCC6	e6-L1200-03	503468-95-9	10 mM	S2638	DNA-PK, PI3K	NU7441 is a potent and selective DNA-dependent protein kinase (DNA-PK) inhibitor with IC50 of 0.01, 1.7 and 5 _M for DNA-PK, mTOR and PI 3-K, respectively.
PI-103	C12=C(N=C(N=C1N3CCOCC3)C4=CC=CC(=C4)O)C5=C(O2)N=CC=C5	h4-L1200-01	371935-74-9, 371935-79-4 (HCl)	10 mM	S1038	DNA-PK, PI3K, mTOR	MEK inhibitor and non-competitive with ATP, Kiapp of 1 nM against activated MEK1 and MEK2.
WP1130	C1(=CC=CC(=N1)/C=C(/C(N[C@H](C2=CC=CC=C2)CCC)=O)C#N)Br	c4-L1200-03	856243-80-6	10 mM	S2243	DUB, Bcr-Abl	WP1130 is a novel selective small molecular deubiquitinase (DUB) inhibitor and a Bcr/Abl destruction pathway activator with an IC50 of 1.8 _M for K562 cells.
Erlotinib HCl	C1(=CC=CC(=C1)C#C)NC2(=NC=NC3=C2C=C(C(=C3)OCCOC)OCCOC).Cl	g3-L1200-01	183319-69-9, 183321-74-6 (free base), 248594-19-6 (methanesulfonate)	10 mM	S1023	EGFR	Erlotinib Hydrochloride also known as Tarceva, CP-358774, OSI-774, NSC-718781 is a HCL salt with IC50 of 2 nM for HER1/EGFR TK.
Gefitinib (Iressa)	C1(=C(C=C2C(=C1)N=CN=C2NC3=CC=C(C(=C3)Cl)F)OCCCN4CCOCC4)OC	h3-L1200-01	184475-35-2, 184475-55-6 (HCl)	10 mM	S1025	EGFR	Gefitinib also known as ZD-1839 & Iressa is a novel potent EGFR tyrosine kinase & Akt phosphorylations inhibitor with IC50 of 37, 26 and 57 nM.
PD153035 HCl	C1(=C(C=C2C(=C1)C(=NC=N2)NC3=CC(=CC=C3)Br)OC)OC.Cl	e7-L1200-01	183322-45-4, 153436-54-5 (free base)	10 mM	S1079	EGFR	PD153035 is an inhibitor of EGFR, competitive with ATP. EGF Receptor: IC50 = 25 pM (Ki = 6 pM). 
WZ3146	C1(=CC=C(C=C1)NC2=NC=C(C(=N2)OC3=CC(=CC=C3)NC(C=C)=O)Cl)N4CCN(CC4)C	d2-L1200-02	1214265-56-1	10 mM	S1170	EGFR	WZ3146 is an irreversiblely inhibitor against EGFR T790M.
WZ4002	C1(=CC(=C(C=C1)NC2=NC=C(C(=N2)OC3=CC(=CC=C3)NC(C=C)=O)Cl)OC)N4CCN(CC4)C	f2-L1200-02	1213269-23-8	10 mM	S1173	EGFR	WZ4002 is an EGFR T790M inhibitor(IC50<20nM).
WZ8040	C1(=CC=C(C=C1)NC2=NC=C(C(=N2)SC3=CC(=CC=C3)NC(C=C)=O)Cl)N4CCN(CC4)C	a3-L1200-02	1214265-57-2	10 mM	S1179	EGFR	WZ8040 is an irreversiblely EGFR T790M inhibitor (IC50<10nM).
Pelitinib (EKB-569)	C1(=C(C=C2C(=C1)N=CC(=C2NC3=CC(=C(C=C3)F)Cl)C#N)NC(/C=C/CN(C)C)=O)OCC	a6-L1200-02	257933-82-7	10 mM	S1392	EGFR	Pelitinib is a 3-cyanoquinoline pan-ErbB tyrosine kinase inhibitor with potential antineoplastic activity.
AST-1306	C(C=C)(=O)NC1(=CC2=C(N=CN=C(C=C1)2)NC3C=C(C(=CC=3)OCC4C=C(C=CC=4)F)Cl).C5=CC(=CC=C5S(O)(=O)=O)C	f11-L1200-02	1050500-29-2, 897383-62-9 (free base)	10 mM	S2185	EGFR	AST-1306 is a novel irreversible inhibitor of EGFR and ErbB4 with IC50 of 0.5 nM and 0.8 nM, respectively.
OSI-420 (Desmethyl Erlotinib)	C1(=C(C=CC=C1NC2=NC=NC3=C2C=C(C(=C3)OCCOC)OCCO)C#C).Cl	e2-L1200-03	183320-51-6, 183321-86-0 (free base)	10 mM	S2205	EGFR	OSI-420 (Desmethyl Erlotinib,CP-473420) is an active metabolite of erlotinib which is an orally active EGFR tyrosin kinase inhibitor with IC50 of 2 and 20 nM for the inhibition of human EGFR and EGFR autophosphorylation in tumor cells.
Dacomitinib (PF299804,PF-00299804)	C(/C=C/C(NC1=C(C=C2C(=C1)C(=NC=N2)NC3=CC(=C(C=C3)F)Cl)OC)=O)N4CCCCC4	f9-L1200-03	1110813-31-4, 1042385-75-0 (H2O)	10 mM	S2727	EGFR	PF299804 is a potent, irreversible pan-ErbB inhibitor against ErbB1, ErbB2 and ErbB4 with IC50 of 6 nM, 45.7 nM and 73.7 nM, respectively.
AG-1478 (Tyrphostin AG-1478)	C1=C2C(=CC(=C1OC)OC)C(=NC=N2)NC3=CC(=CC=C3)Cl	g9-L1200-03	153436-53-4, 170449-18-0 (HCl)	10 mM	S2728	EGFR	AG-1478 (Tyrphostin AG-1478) is a selective EGFR inhibitor with IC50 of 3 nM.
ARRY334543	C12=C(C(=NC=N1)NC3=CC(=C(C=C3)OCC4SC=CN=4)Cl)C=C(C=C2)NC5OC[C@H](N=5)C	h11-L1200-03	845272-21-1, 1146629-86-8 (di4-methylbenzenesulfonate)	10 mM	S2755	EGFR	ARRY334543 is a selective and potent ErbB1 and ErbB2 inhibitor with IC50 of 7 nM and 2 nM, respectively.
TAK-285	C12=C(C(=NC=N1)NC3=CC=C(C(=C3)Cl)OC4=CC=CC(=C4)C(F)(F)F)N(C=C2)CCNC(=O)CC(O)(C)C	b3-L1200-04	871026-44-7, 871027-78-0 (methanesulfonate)	10 mM	S2784	EGFR	TAK-285 is a novel dual HER2 and EGFR inhibitor with IC50 of 17 nM and 23 nM, respectively.
Desmethyl Erlotinib (CP-473420)	C1=C(C=CC=C1NC2=NC=NC3=C2C=C(C(=C3)OCCOC)OCCO)C#C	b5-L1200-04	183321-86-0, 183320-51-6 (HCl)	10 mM	S2826	EGFR	Desmethyl Erlotinib (CP-473420) is a free base of OSI-420, which is an active metabolite of Erlotinib which is an orally active EGFR inhibitor for human EGFR with IC50 of 2 nM.
AEE788 (NVP-AEE788)	C1=NC(=C2C(=N1)NC(=C2)C3=CC=C(C=C3)CN4CCN(CC4)CC)N[C@@H](C5=CC=CC=C5)C	e7-L1200-02	497839-62-0	10 mM	S1486	EGFR, Flt, VEGFR, HER2	AEE788 is a novel multitargeted human epidermal receptor (HER) 1/2 and vascular endothelial growth factor receptor (VEGFR) 1/2 receptor family tyrosine kinases inhibitor with IC50 of 2, 6, 77, 59 nM for EGFR, ErbB2, KDR, and Flt-1.
Afatinib (BIBW2992)	C1(=C(C=C(C=C1)NC2=NC=NC3=C2C=C(C(=C3)O[C@H]4CCOC4)NC(/C=C/CN(C)C)=O)Cl)F	g2-L1200-01	439081-18-2, 936631-70-8 (Maleic acid), 1254955-21-9 (XHCl)	10 mM	S1011	EGFR, HER2	Inhibitor of VEGFR, PDGFR and FGFR. all three VEGFR subtypes (IC50=13Đ34nmol/L) , PDGFRa and PDGFRh (IC50=59and65nmol/L) , and FGFRtypes 1, 2, and 3 (IC50=69, 37, and 108 nmol/L,respectively).
CI-1033 (Canertinib)	C1(=C(C=C2C(=C1)C(=NC=N2)NC3=CC(=C(C=C3)F)Cl)OCCCN4CCOCC4)NC(C=C)=O	c3-L1200-01	267243-28-7, 289499-45-2 (2HCl)	10 mM	S1019	EGFR, HER2	CI-1033 (Canertinib) is an orally bioavailable irreversible Pan-erbB tyrosine kinase inhibitor, targeting EGFR with IC50 of 0.8, 19 and 7 nM for EGFR, HER-2 and ErbB-4, respectively.
Lapatinib Ditosylate (Tykerb)	C1(=C(C=C2C(=C1)N=CN=C2NC3=CC=C(C(=C3)Cl)OCC4=CC=CC(=C4)F)C5OC(=CC=5)CNCCS(=O)(C)=O).C6(=C(C=CC(=C6)S(O)(=O)=O)C).C7=C(C=CC(=C7)S(O)(=O)=O)C	b4-L1200-01	388082-77-7, 231277-92-2 (free base), 1187538-35-7 (4-methylbenzenesulfonate)	10 mM	S1028	EGFR, HER2	Lapatinib Ditosylate (GW572016, GW2016, Tykerb, Tyverb) is a potent EGFR and ErbB2 inhibitor with IC50 of 10.8 nM and 9.2 nM, respectively. 
BMS-599626 (AC480)	C1(CN[C@@H](CO1)COC(NC2=CN3C(=C2C)C(=NC=N3)NC4=CC5=C(C=C4)N(N=C5)CC6=CC(=CC=C6)F)=O).Cl	b6-L1200-01	714971-09-2, 873837-23-1 (HCl), 873837-22-0 (H2O)	10 mM	S1056	EGFR, HER2	BMS-599626 (AC480) is a highly selective pan-HER Kinase inhibitor with IC50 of 20 and 30 nM for the inhibition of HER1and HER2, respectively. 
CP-724714	C1(=CC=C2C(=C1)C(=NC=N2)NC3=CC=C(C(=C3)C)OC4=CC=C(N=C4)C)/C=C/CNC(COC)=O	b2-L1200-02	537705-08-1	10 mM	S1167	EGFR, HER2	CP-724,714 is a potent, selective inhibitor of erbB2 with IC50 of 10 nM. 
AZD8931	C1(=C(C=C2C(=C1)C(=NC=N2)NC3=C(F)C(=CC=C3)Cl)OC)OC4CCN(CC4)CC(NC)=O	g11-L1200-02	848942-61-0, 1196531-39-1 (diFumaric acid)	10 mM	S2192	EGFR, HER2	AZD8931 is a novel potent reversible small molecule epidermal growth factor receptor, ERBB2 (HER2) and ERBB3 inhibitor with an IC50 of 4, 3, 4 nM, respectively.
PF-00562271	C1(=NC(=C(C=C1)CNC2=C(C=NC(=N2)NC3=CC=C4C(=C3)CC(N4)=O)C(F)(F)F)N(C)S(=O)(C)=O).C5=CC=CC(=C5)S(O)(=O)=O	c7-L1200-03	939791-38-5, 717907-75-0 (free base), 939791-39-6 (methanesulfonate)	10 mM	S2672	FAK	PF-562271 is a potent ATP-competitive FAK and proline-rich tyrosine kinase (Pyk2) inhibitor with potential antineoplastic and antiangiogenic activities.
NVP-TAE226	C1(=CC(=C(C=C1)NC2=NC(=C(C=N2)Cl)NC3=C(C=CC=C3)C(NC)=O)OC)N4CCOCC4	g4-L1200-04	761437-28-9	10 mM	S2820	FAK	NVP-TAE226, a potent dual FAK/IGF-IR, inhibiting FAK and IGF-IR with IC50 of 5.5 nM and 0.14 _M, respectively.
PD173074	N1=C(N=C2C(=C1)C=C(C(=N2)NC(NC(C)(C)C)=O)C3=CC(=CC(=C3)OC)OC)NCCCCN(CC)CC	d4-L1200-02	219580-11-7	10 mM	S1264	FGFR	PD173074 is a potent FGFR1 inhibitor with IC50 of ~25 nM and also inhibits VEGFR2 with IC50 of 100-200 nM.
BGJ398 (NVP-BGJ398)	N(C(=O)NC1C(=C(C=C(C=1Cl)OC)OC)Cl)(C)C2N=CN=C(C=2)NC3C=CC(=CC=3)N4CCN(CC4)CC	e11-L1200-02	872511-34-7, 1310746-11-2 (H2O), 1310746-12-3 (methanesulfonate), 1310746-17-8 (acetate)	10 mM	S2183	FGFR	BGJ398 (NVP-BGJ398) is a potent and selective inhibitor of FGFR1, FGFR2 and FGFR3 with IC50 of 0.9 nM, 1.4 nM and 1 nM, respectively.
AZD4547	C1(=CC(=CC(=C1)CCC2=CC(=NN2)NC(=O)C3=CC=C(C=C3)N4C[C@@H](N[C@@H](C4)C)C)OC)OC	g3-L1200-04	1035270-39-3	10 mM	S2801	FGFR	AZD4547 is a novel selective FGFR inhibitor targeting FGFR1, FGFR2, and FGFR3 with IC50 of of 0.2 nM, 2.5 nM, and 1.8 nM, respectively.
Tandutinib (MLN518)	C1=C(C(=CC2=C1N=CN=C2N3CCN(CC3)C(NC4=CC=C(C=C4)OC(C)C)=O)OC)OCCCN5CCCCC5	d5-L1200-01	387867-13-2, 1227636-16-9 (3H2O)	10 mM	S1043	Flt	Tandutinib (MLN518) is a FLT3 inhibitor. In cell-based assays tandutinib inhibited FLT3 ,PDGFR, and KIT with IC50 values of 95-122 ng/mL.
Quizartinib (AC220)	C1=C(C=CC(=C1)C2N=C3N(C=2)C4C(S3)=CC(=CC=4)OCCN5CCOCC5)NC(NC6C=C(ON=6)C(C)(C)C)=O	e8-L1200-02	950769-58-1,1132827-21-4 (2HCl), 1132827-24-7 (methanesulfonate)	10 mM	S1526	Flt	AC220 is a uniquely potent and selective FLT3 inhibitor with IC50 of 0.56 ± 0.3 nM and >10 mM for MC4-11 and A375, respectively.
ENMD-2076	N1(=C(C=C(N1)C)NC2=CC(=NC(=N2)/C=C/C3=CC=CC=C3)N4CCN(CC4)C).OC(=O)[C@@H]([C@H](C(O)=O)O)O	b3-L1200-02	1291074-87-7	10 mM	S1181	Flt, Aurora Kinase, VEGFR	ENMD-2076 (ENMD-981693, ENMD2076) is a antiangiogenic and Aurora kinase inhibitor with IC50 of 3, 13, 350, 23, 40, 93 and 120 nM for Flt-3, AurA, AurB, Src, KDR/VEGFR2 and FGFR1.
KW 2449	C1=CC=CC2=C1NN=C2/C=C/C3=CC=C(C=C3)C(=O)N4CCNCC4	b11-L1200-02	1000669-72-6	10 mM	S2158	Flt, Bcr-Abl, Aurora Kinase	KW-2449 is a multi-kinase inhibitor of FLT3(IC50 at 6.6pM), ABL(IC50 at 14pM), ABL-T315I and Aurora kinase.
TG101209	C1=C(C=C(C=C1)NC2=NC(=NC=C2C)NC3=CC=C(C=C3)N4CCN(CC4)C)S(NC(C)(C)C)(=O)=O	d8-L1200-03	936091-14-4	10 mM	S2692	Flt, JAK, c-RET	TG101209 is a potent and small molecule JAK2-selective kinase inhibitor with IC50 of 6, 25, 17 and 169 nM for JAK2, FLT3, RET and JAK3, respectively.
Dovitinib (TKI-258)	C1=CC=C(C2=C1NC(C(=C2N)C3NC4=C(N=3)C=CC(=C4)N5CCN(CC5)C)=O)F	b3-L1200-01	405169-16-6, 804551-71-1	10 mM	S1018	FLT3	Dovitinib (TKI258, CHIR258) is a novel multi-target inhibitor for Flt3, c-Kit, FGFR1/3, VEGFR1/2/3, PDGFR_/_ with IC50 of 1 nM, 2 nM, 8 nM/9 nM and 10 nM/13 nM/8 nM, 210 nM/27 nM respectively.
Dovitinib Dilactic acid (TKI258 Dilactic acid) 	N1(C(C(=C(C2C(=CC=CC1=2)F)N)C3=NC4C(N3)=CC(=CC=4)N5CCN(CC5)C)=O).CC(C(O)=O)O.CC(C(O)=O)O	f2-L1200-04	852433-84-2, 405169-16-6 (free base)	10 mM	S2769	FLT3	Dovitinib (TKI258, CHIR-258) is a multitargeted tyrosine kinase inhibitor of FLT3 and c-KIT with IC50 of 1 nM and 2 nM, respectively.
SB 216763	C1=CC=CC2=C1N(C=C2C3=C(C(NC3=O)=O)C4=CC=C(C=C4Cl)Cl)C	a7-L1200-01	280744-09-4	10 mM	S1075	GSK-3	SB 216763 inhibited human GSK-3_ with IC50s of 34 nM.
TWS119	C1=CC=C(C=C1O)OC2=NC=NC3=C2C=C(N3)C4=CC=CC(=C4)N	f10-L1200-02	601514-19-6	10 mM	S1590	GSK-3	TWS119 is a GSK-3_ inhibitor with IC50 of 30 nM.
Indirubin	C1=CC=C2C(=C1)NC(C/2=C3\NC4=C(C3=O)C=CC=C4)=O	f4-L1200-03	479-41-4	10 mM	S2386	GSK-3	Indirubin is a potent cyclin-dependent kinases and GSK-3_ inhibitor with IC50 of about 75 nM and 0.19 _M.
SB 415286	C1(C(=C(C(N1)=O)NC2=CC(=C(C=C2)O)Cl)C3=C(C=CC=C3)[N+](=O)[O-])=O	h9-L1200-03	264218-23-7	10 mM	S2729	GSK-3	SB 415286 is a potent GSK3_ and GSK3_ inhibitor with IC50 of 78 nM and ~78 nM, respectively.
CHIR-98014	C1=C(C=C(C(=C1)C2=NC(=NC=C2N3C=CN=C3)NCCNC4=CC=C(C(=N4)N)[N+](=O)[O-])Cl)Cl	a11-L1200-03	252935-94-7	10 mM	S2745	GSK-3	CHIR-98014 is a potent and selective GSK-3 inhibitor for GSK-3_ and GSK-3_ with IC50 of 0.65 nM and 0.58 nM, respectively.
Tideglusib	S1N(C(N(C1=O)CC2C=CC=CC=2)=O)C3C=CC=C4C=CC=CC=34	h4-L1200-04	865854-05-3 	10 mM	S2823	GSK-3	Tideglusib (NP031112, NP-12) is a potent non ATP-competitive inhibitor of GSK3 with IC50 of 60 nM.
Mubritinib (TAK 165)	C1=C(C=CC(=C1)/C=C/C2OC=C(N=2)COC3=CC=C(C=C3)CCCCN4N=NC=C4)C(F)(F)F	a3-L1200-03	366017-09-6	10 mM	S2216	HER2	Mubritinib(TAK 165) is a potent EGFR and p34cdc2 inhibitor with IC50 of 6 nM and 0.2 µM, respectively.
Arry-380	N1C=NC(=C2C=C(C=CC=12)C3OC(=CC=3)CNCCS(=O)(=O)C)NC4C=C(C(=CC=4)OC5=CC6N(C=C5)N=CN=6)C	f11-L1200-03	937265-83-3	10 mM	S2752	HER2	ARRY-380 is a potent and selective HER2 inhibitor with IC50 of 8 nM and also inhibits EGFR with IC50 of 4 _M. 
Tyrphostin AG 879 (AG 879)	C(/C(=C/C1C=C(C(=C(C=1)C(C)(C)C)O)C(C)(C)C)C#N)(N)=S	e4-L1200-04	148741-30-4	10 mM	S2816	HER2	AG879 inhibits both ErbB2 and Flk-1 with IC50 of 1 _M.
Neratinib (HKI-272)	C1(=C(C=C2C(=C1)N=CC(=C2NC3=CC=C(C(=C3)Cl)OCC4=NC=CC=C4)C#N)NC(/C=C/CN(C)C)=O)OCC	a11-L1200-02	698387-09-6, 915942-22-2 (Maleic acid)	10 mM	S2150	HER2, EGFR	Neratinib is an orally available, irreversible tyrosine kinase inhibitor with IC50 of 59 nM and 92 nM for HER2 and EGFR, respectively.
GSK1838705A	N1=C(N=C2C(=C1NC3=CC=CC(=C3C(=O)NC)F)C=CN2)NC4=C(C=C5C(=C4)N(CC5)C(=O)CN(C)C)OC	h8-L1200-03	1116235-97-2, 1116236-05-5 (H2O)	10 mM	S2703	IGF-1, ALK	GSK1838705A is a potent small-molecule IGF-IR, the insulin receptor and anaplastic lymphoma kinase (ALK) inhibitor with IC50 of 2.0, 1.6 and 0.5 nM, respectively.
NVP-ADW742	C12=C(N=CN=C1N)N(C=C2C3=CC(=CC=C3)OCC4=CC=CC=C4)[C@@H]5C[C@H](C5)CN6CCCC6	h7-L1200-01	475488-23-4	10 mM	S1088	IGF-1R	NVP-ADW742 is an IGF-1R inhibitor with an IC50 of 0.1 to 0.2 _M.
Linsitinib (OSI-906)	C1=C(C=C2C(=C1)C=CC(=N2)C3=CC=CC=C3)C4=C5N(C(=N4)[C@H]6C[C@@](C6)(C)O)C=CN=C5N	a8-L1200-01	867160-71-2	10 mM	S1091	IGF-1R	OSI-906 (Linsitinib) is a selective inhibitor of IGF-IR and IR with IC50 of 35 nM and 75 nM, respectively.
GSK1904529A	C1=C(C(=C(C=C1)F)NC(C2=C(C=CC(=C2)C3=C(N4C(=N3)C=CC=C4)C5=CC=NC(=N5)NC6=C(C=C(C(=C6)CC)N7CCC(CC7)N8CCN(CC8)S(C)(=O)=O)OC)OC)=O)F	c8-L1200-01	1089283-49-7	10 mM	S1093	IGF-1R	GSK1904529A is a selective inhibitor of IGF-IR and IR with IC50 of 27 nM and 25 nM, respectively.
AG-1024 	C(C(C#N)=CC1C=C(C(=C(C=1)C(C)(C)C)O)Br)#N	a4-L1200-02	65678-07-1	10 mM	S1234	IGF-1R	AG-1024 (Tyrphostin) is a specific IGF-1R and IR inhibitor with IC50 of 0.4 _M and 0.1 _M, respectively.
TPCA-1	C1(=C(C=C(S1)C2C=CC(=CC=2)F)C(=O)N)NC(=O)N	a5-L1200-04	507475-17-4	10 mM	S2824	IKK	TPCA-1 is an inhibitor of IKK-2 with IC50 of 17.9 nM.
IMD 0354	C1=CC(=CC(=C1O)C(NC2=CC(=CC(=C2)C(F)(F)F)C(F)(F)F)=O)Cl	h5-L1200-04	978-62-1, 634914-41-3 (sodium salt )	10 mM	S2864	IKK	IMD-0354 is an IKK_ inhibitor and blocks I_B_ phosphorylation in NF__ pathway.
Ruxolitinib (INCB018424)	N1=CN=C2C(=C1C3=CN(N=C3)[C@@H](CC#N)C4CCCC4)C=CN2	h5-L1200-02	941678-49-5, 941678-50-8 (TFA), 1092939-15-5 (Maleic acid)	10 mM	S1378	JAK	INCB018424 is a JAK family inhibitor for JAK1, JAK2 and JAK3 with IC50 of 2.7 nM, 4.5 nM and 322 nM, respectively.
LY2784544	C1C(=NN2C(C=1CN3CCOCC3)=NC(=C2CC4=CC=C(C=C4F)Cl)C)NC5NN=C(C=5)C	d11-L1200-02	1229236-86-5, 1229236-87-6 (HCl)	10 mM	S2179	JAK	LY2784544 is a small molecule selective mutant JAK2 kinase inhibitor with an IC50 of 68 nM.
AZ 960	C1=C(C(=NC(=C1F)NC2C=C(NN=2)C)N[C@H](C3=CC=C(C=C3)F)C)C#N	h2-L1200-03	905586-69-8	10 mM	S2214	JAK	AZ 960 is a novel small molecule JAK2 kinase inhibitor with an IC50 and Ki of 3 mM and 0.45 nM in vitro, respectively.
Cyt387	C1=C(C=CC(=C1)NC2=NC=CC(=N2)C3=CC=C(C=C3)C(NCC#N)=O)N4CCOCC4	c3-L1200-03	1056634-68-4, 1056636-08-8 (XHCl)	10 mM	S2219	JAK	Cyt387 is an ATP-competitive small molecule JAK1/JAK2 inhibitor with IC50 of 11 and 18 nM for JAK1 and JAK2, respectively.
NVP-BSK805	C1(=CC=C2C(=C1C3=CC(=C(C(=C3)F)CN4CCOCC4)F)N=C(C=N2)C5=CN(N=C5)C6CCNCC6).Cl.Cl	b8-L1200-03	1092499-93-8 (free base)	10 mM	S2686	JAK	NVP-BSK805 is a potent and selective quinoxaline JAK2 inhibitor with IC50 of 0.48, 0.56 and 0.58 nM for JAK2 JH1, FL JAK V617F and FL JAK2 wt, respectively.
TG101348 (SAR302503)	C1(=CC=C(C=C1)NC2=NC(=C(C=N2)C)NC3=CC=CC(=C3)S(NC(C)(C)C)(=O)=O)OCCN4CCCC4	c10-L1200-03	936091-26-8, 1374744-69-0 (2ClH.H2O)	10 mM	S2736	JAK	TG-101348 (SAR302503) is a selective inhibitor of JAK2 with IC50 of 3 nM.
Tofacitinib (CP-690550, Tasocitinib)	N1=CN=C2C(=C1N(C)[C@H]3CN(CC[C@@H]3C)C(=O)CC#N)C=CN2	d3-L1200-04	477600-75-2, 540737-29-9 (citrate)	10 mM	S2789	JAK	CP-690550 is a novel inhibitor of JAK3 with IC50 of 1 nM.
WP1066	C(/C(=C/C1C=CC=C(N=1)Br)C#N)(=O)N[C@@H](C)C2C=CC=CC=2	f3-L1200-04	857064-38-1	10 mM	S2796	JAK	WP1066 is a novel inhibitor of JAK2 and STAT3 with IC50 of 2.30 _M and 2.43 _M in HEL cells .
CEP33779	C1(=CC=CC(=C1)NC2N=C3N(N=2)C=CC=C3C4=CC=C(C=C4)S(=O)(C)=O)N5CCN(CC5)C	h3-L1200-04	1257704-57-6	10 mM	S2806	JAK	CEP33779 is a selective JAK2 inhibitor with IC50 of 1.8 nM.
Baricitinib (LY3009104)	N1(CC(C1)(CC#N)N2N=CC(=C2)C3C4=C(N=CN=3)NC=C4)S(=O)(=O)CC	f5-L1200-04	1187594-09-7, 1187594-10-0 (TFA)	10 mM	S2851	JAK	Baricitinib is a selective JAK1 and JAK2 inhibitor with IC50 of 5.9 nM and 5.7 nM, respectively.
WHI-P154	N1C=NC(=C2C=C(C(=CC=12)OC)OC)NC3C=C(C(=CC=3)O)Br	a6-L1200-04	211555-04-3, 296234-84-9 (HCl)	10 mM	S2867	JAK	WHI-P154 is a potent JAK3 inhibitor with IC50 of 1.8 _M and also inhibits EGFR with IC50 of 4 nM.
Tofacitinib citrate (CP-690550 citrate)	N1(=CN=C2C(=C1N(C)[C@H]3CN(CC[C@@H]3C)C(=O)CC#N)C=CN2).C(C(C(O)=O)(CC(=O)O)O)C(O)=O	d6-L1200-04	540737-29-9, 477600-75-2 (free base)	10 mM	S5001	JAK	Tofacitinib (CP-690550) is a novel, small molecule potent and selective JAK-3 kinase inhibitor with an IC50 of 1 nM for inhibition of the JAK-3 activities.
AG-490	C1(=C(C=CC(=C1)/C=C(/C(NCC2=CC=CC=C2)=O)C#N)O)O	c11-L1200-01	133550-30-8	10 mM	S1143	JAK, EGFR	AG 490 is a potent epidermal growth factor receptor kinase autophosphorylation inhibitor with an IC50 of 100 nM and 56.8 _M for EGFR and JAK, respectively.
SP600125	C1C=CC2=C(C=1)C(C3=C4C2=NNC4=CC=C3)=O	g6-L1200-02	129-56-6, 67072-00-8 (potassium salt)	10 mM	S1460	JNK	SP600125 is a JNK inhibitor with IC50=40 nM for JNK-1 and JNK-2 and 90 nM for JNK-3.
AZD6244 (Selumetinib)	C1=C2C(=C(C(=C1C(NOCCO)=O)NC3=CC=C(C=C3Cl)Br)F)N=CN2C	d2-L1200-01	606143-52-6, 942275-12-9 (4-methylbenzenesulfonate)	10 mM	S1008	MEK	AZD6244 (Selumetinib) is MEK 1/2 inhibitor with GI50 values ranging from 14 to 50 nm. 
CI-1040 (PD184352)	C1=C(C(=C(C(=C1)C(NOCC2CC2)=O)NC3=CC=C(C=C3Cl)I)F)F	d3-L1200-01	212631-79-3	10 mM	S1020	MEK	CI-1040 is a MEK 1/2 inhibitor with a Ki of 300nM
PD0325901	C1=CC(=C(C(=C1C(=O)NOC[C@H](O)CO)NC2=CC=C(C=C2F)I)F)F	f4-L1200-01	391210-10-9, 870474-62-7	10 mM	S1036	MEK	PD0325901 is MEK inhibitor and non-competitive with ATP, Kiapp of 1 nM against activated MEK1 and MEK2. 
U0126-EtOH	C1(=CC=C(C(=C1)SC(/N)=C(\C(=C(\SC2=C(C=CC=C2)N)N)C#N)C#N)N).CCO	g8-L1200-01	1173097-76-1, 109511-58-2 (FREE BASE)	10 mM	S1102	MEK	Inhibitor of both MEK1 and MEK2 with an IC50 of 72 nM and 58 nM respectively.
PD98059	C1=CC=C2C(=C1)C(C=C(O2)C3=CC=CC(=C3N)OC)=O	g2-L1200-02	167869-21-8	10 mM	S1177	MEK	PD 98059 is an inhibitor of MEK1 and MEK2 with IC50 values of 4 µM and 50 µM. 
AS703026	C1=C(C=CC(=C1F)NC2=CN=CC=C2C(NC[C@@H](CO)O)=O)I	b7-L1200-02	1236699-92-5, 1236361-78-6 (HCl)	10 mM	S1475	MEK	AS703026 is a novel, selective, orally bioavailable MEK1/2 inhibitor (cell IC50 ranging from 0.005 to 2 µM).
BIX 02188	C1=C(C=C2C(=C1)/C(C(N2)=O)=C(/NC3=CC(=CC=C3)CN(C)C)C4=CC=CC=C4)C(NC)=O	g8-L1200-02	1094614-84-2	10 mM	S1530	MEK	BIX02188 is a MEK5-selective inhibitor with an IC50 of 0.8 ± 1.0 _M.
BIX 02189	C1=C(C=C2C(=C1)/C(C(N2)=O)=C(/NC3=CC(=CC=C3)CN(C)C)C4=CC=CC=C4)C(N(C)C)=O	h8-L1200-02	1094614-85-3	10 mM	S1531	MEK	BIX 02189 is a selective MEK5/ERK5 inhibitor with an IC50 of 59 nM.
PD318088	C1=C(C(=C(C(=C1C(NOCC(CO)O)=O)NC2=CC=C(C=C2F)I)F)F)Br	a10-L1200-02	391210-00-7	10 mM	S1568	MEK	PD318088 is a non-ATP competitive allosteric MEK1/2 inhibitor.
AZD8330	C1=C(C=CC(=C1F)NC2N(C(C(=CC=2C(NOCCO)=O)C)=O)C)I	h10-L1200-02	869357-68-6	10 mM	S2134	MEK	AZD8330 (RRY-424704_ARRY-704) is an orally active, selective MEK inhibitor with an IC50 of 7 nM.
TAK-733	N1(C=NC2=C(C1=O)C(=C(C(N2C)=O)F)NC3=CC=C(C=C3F)I)C[C@@H](O)CO	b5-L1200-03	1035555-63-5	10 mM	S2617	MEK	TAK-733 is highly potent and selective novel MEK allosteric site inhibitor with an IC50 of 3.2 nM.
GSK1120212 (Trametinib)	C1(N(C(=C2C(=C1C)N(C(N(C2=O)C3CC3)=O)C4=CC(=CC=C4)NC(C)=O)NC5=CC=C(C=C5F)I)C)=O	d7-L1200-03	871700-17-3, 871702-06-6 (sodium salt)	10 mM	S2673	MEK	GSK1120212 (Trametinib) is a reversible, selective, allosteric MEK1/MEK2 kinase activity inhibitor with IC50 of 0.7 and 0.9 nM for MEK1 and MEK2.
Deforolimus (Ridaforolimus)	[C@H]1(C[C@@H](CC[C@@H]1OP(C)(=O)C)C[C@H]([C@@H]2CC([C@@H](/C=C(/[C@H]([C@@H](OC)C([C@@H](C[C@@H](/C=C/C=C/C=C(/[C@H](C[C@]3(CC[C@H]([C@](C(C(N4[C@](C(O2)=O)(CCCC4)[H])=O)=O)(O3)O)C)[H])OC)C)C)C)=O)O)C)C)=O)C)OC	f3-L1200-01	572924-54-0, 697252-87-2	10 mM	S1022	mTOR	Deforolimus (Ridaforolimus) is a small-molecule inhibitor of mTOR.
Rapamycin (Sirolimus)	[C@@H]1([C@@H](C[C@@H](CC1)C[C@H]([C@@H]2CC([C@@H](/C=C(\C)[C@H]([C@@H](C([C@@H](C[C@@H](/C=C/C=C/C=C(/[C@H](C[C@@H]3CC[C@H]([C@](C(C(N4CCCC[C@@H](C(O2)=O)4)=O)=O)(O3)O)C)OC)C)C)C)=O)OC)O)C)=O)C)OC)O	a5-L1200-01	53123-88-9, 1179372-35-0, 1189166-54-8, 1233221-34-5, 1353039-01-6	10 mM	S1039	mTOR	Rapamycin also known as Sirolimus & Rapamune is a mTOR inhibitor. Rapamycin Sirolimus inhibits cell motility by suppression of mTOR-mediated pathways.
Temsirolimus (Torisel)	[C@H]1(C[C@@H](CC[C@@H]1OC(C(CO)(CO)C)=O)C[C@H]([C@@H]2CC([C@@H](/C=C(/[C@H]([C@@H](OC)C([C@@H](C[C@@H](/C=C/C=C/C=C(/[C@H](C[C@]3(CC[C@H]([C@](C(C(N4[C@](C(O2)=O)(CCCC4)[H])=O)=O)(O3)O)C)[H])OC)C)C)C)=O)O)C)C)=O)C)OC	e5-L1200-01	162635-04-3, 343261-52-9, 1034922-90-1	10 mM	S1044	mTOR	Temsirolimus (Torisel) is a mTOR inhibitor. 
Everolimus (RAD001)	C(O)CO[C@H]1[C@@H](C[C@@H](CC1)C[C@@H]([C@H]2OC(=O)[C@@H]3CCCCN3C(=O)C([C@]4([C@@H](CC[C@H](O4)C[C@@H](/C(=C/C=C/C=C/[C@H](C[C@H](C([C@@H]([C@@H](O)/C(=C/[C@H](C(C2)=O)C)C)OC)=O)C)C)C)OC)C)O)=O)C)OC	g10-L1200-01	159351-69-6, 1245613-55-1	10 mM	S1120	mTOR	Everolimus (RAD001) also known as SDZ-RAD, Certican, Zortress, Afinitorm is TOR inhibitor available at Selleck with IC50 of 0.63 nM.
Ku-0063794	N1=C(N=C2C(=C1N3CCOCC3)C=CC(=N2)C4=CC(=C(C=C4)OC)CO)N5C[C@H](O[C@H](C5)C)C	h3-L1200-02	938440-64-3	10 mM	S1226	mTOR	KU-0063794 is a potent and highly specific mTOR inhibitor for both mTORC1 and mTORC2 with IC50 about 10 nM. 
WYE-354	C1=C(C=CC(=C1)C2=NC3=C(C(=N2)N4CCOCC4)C=NN3C5CCN(CC5)C(=O)OC)NC(OC)=O	e4-L1200-02	1062169-56-5	10 mM	S1266	mTOR	WYE-354 is a mTOR inhibitor with an IC50 of 5 nM.
AZD8055	C1(=C(C=CC(=C1)C2=NC3=C(C=C2)C(=NC(=N3)N4[C@H](COCC4)C)N5[C@H](COCC5)C)OC)CO	d9-L1200-02	1009298-09-2, 1201799-04-3 (D(-)-Tartaric Acid), 1201799-05-4 (Fumaric acid)	10 mM	S1555	mTOR	AZD8055 is a potent, selective, and orally bioavailable ATP-competitive mTOR kinase inhibitor with an IC50 of 0.8 nM.
PP242	N1=CN=C2C(=C1N)C(=NN2C(C)C)C3NC4=C(C=3)C=C(C=C4)O	b3-L1200-03	1092351-67-1, 1173019-76-5 (H2O)	10 mM	S2218	mTOR	PP242 is a novel potent and selective mTOR inhibitor with an IC50 of 8 nM.
OSI-027	N1C=NN2C(C=1N)=C(N=C2[C@@H]3CC[C@H](CC3)C(=O)O)C4NC5=C(C=4)C=CC=C5OC	f5-L1200-03	936890-98-1, 1187559-66-5 (sodium salt)	10 mM	S2624	mTOR	OSI027 is a potent mammalian target of rapamycin (mTOR) kinase inhibitor.
WYE-125132	C1(=NC(=NC2=C1C=NN2C3CCC4(CC3)OCCO4)C5=CC=C(C=C5)NC(=O)NC)N6CC7CCC(O7)C6	g6-L1200-03	1144068-46-1	10 mM	S2661	mTOR	WYE-125132 is a highly potent, ATP-competitive and specific mTOR kinase inhibitor with an IC50 of 0.19 nM.
WYE-687	C1=C(C=CC(=C1)C2=NC3=C(C(=N2)N4CCOCC4)C=NN3C5CCN(CC5)CC6=CC=CN=C6)NC(OC)=O	h6-L1200-03	1062161-90-3, 1198178-23-2 (HCl)	10 mM	S2668	mTOR	WYE-687 is a potent ATP-competitive mTOR inhibitor with an IC50 of 7 nM.
WAY-600	C12=C(C=CC(=C1)C3=NC4=C(C(=N3)N5CCOCC5)C=NN4C6CCN(CC6)CC7=CC=CN=C7)NC=C2	c8-L1200-03	1062159-35-6	10 mM	S2689	mTOR	WAY-600 is a potent ATP-competitive mTOR inhibitor with an IC50 of 9 nM.
AZD2014	C1=C(N=C2C(=C1)C(=NC(=N2)N3[C@H](COCC3)C)N4[C@H](COCC4)C)C5=CC(=CC=C5)C(NC)=O	a3-L1200-04	1009298-59-2	10 mM	S2783	mTOR	AZD2014 is a novel dual mTORC1 and mTORC2 inhibitor with potential antineoplastic activity.
INK 128	N1=CN=C2C(=C1N)C(=NN2C(C)C)C3=CC4=C(C=C3)OC(=N4)N	c4-L1200-04	1224844-38-5	10 mM	S2811	mTOR	INK 128 is a potent and selective mTOR inhibitor with IC50 of 1 nM.
Torin 2	N1(C(C=CC2C=NC3C(C1=2)=CC(=CC=3)C4C=NC(=CC=4)N)=O)C5C=C(C=CC=5)C(F)(F)F	f4-L1200-04	1223001-51-1	10 mM	S2817	mTOR	Torin2 is a highly potent and selective mTOR inhibitor with IC50 of 0.25 nM.
Torin 1	N1(C(C=CC2C=NC3C(C1=2)=CC(=CC=3)C4C=NC5=CC=CC=C(C=4)5)=O)C6C=C(C(=CC=6)N7CCN(CC7)C(CC)=O)C(F)(F)F	c5-L1200-04	1222998-36-8	10 mM	S2827	mTOR	Torin1 is a potent inhibitor of mTOR with IC50 of 2-10 nM.
BEZ235 (NVP-BEZ235)	C12=CN=C3C(=C1N(C(N2C)=O)C4=CC=C(C=C4)C(C#N)(C)C)C=C(C=C3)C5=CC6=C(N=C5)C=CC=C6	e2-L1200-01	915019-65-7, 1028385-32-1 (4-methylbenzenesulfonate)	10 mM	S1009	mTOR, PI3K	BEZ235 (NVP-BEZ235) is a dual ATP-competitive phosphatidylinositol 3-kinase (PI3K) and mammalian target of rapamycin (mTOR) inhibitor with an IC50 of 4, 5, 7 and 75 nM for p110_, p110_, p110_ and p110_, respectively.
PF-05212384 (PKI-587)	N1=C(N=C(N=C1N2CCOCC2)C3=CC=C(C=C3)NC(NC4=CC=C(C=C4)C(N5CCC(CC5)N(C)C)=O)=O)N6CCOCC6	a6-L1200-03	1197160-78-3	10 mM	S2628	mTOR, PI3K	PKI-587 is a highly potent dual PI3K/mTOR kinase inhibitor with IC50 of 0.4 nM and <0.1 _M for PI3K-_ and mTOR, respectively.
GDC-0980 (RG7422)	C1(=CN=C(N=C1)N)C2=NC(=C3C(=N2)C(=C(S3)CN4CCN(CC4)C([C@@H](O)C)=O)C)N5CCOCC5	e8-L1200-03	1032754-93-0, 1309043-78-4, 1309384-87-9	10 mM	S2696	mTOR, PI3K	GDC-0980 (RG7422) is a selective, dual PI3 Kinase and mTOR Kinase inhibitor with IC50 of 5, 27, 7, and 14 nM for PI3K_, _, _, and _, respectively.
PF-04691502	N1=C(N=C2C(=C1C)C=C(C(N2[C@H]3CC[C@@H](CC3)OCCO)=O)C4=CC=C(N=C4)OC)N	g10-L1200-03	1013101-36-4	10 mM	S2743	mTOR, PI3K, Akt	PF-04691502 is a potent and selective dual PI3K/mTOR inhibitor to phosphorylation of AKT T308 and AKT S473 with IC50 of 7.5 and 3.8 nM, respectively.
SB 203580	N1=CC=C(C=C1)C2=C(N=C(N2)C3=CC=C(C=C3)S(C)=O)C4=CC=C(C=C4)F	b7-L1200-01	152121-47-6, 224047-03-4, 869185-85-3 (HCl)	10 mM	S1076	p38 MAPK	SB 203580 is a potent inhibitor of LPS-induced cytokine synthesis in the human monocyte cell line THP-1 (IC50 = 50-100 nM).
SB 202190	C1=C(C=CC(=C1)C2N=C(NC=2C3=CC=NC=C3)C4=CC=C(C=C4)O)F	c7-L1200-01	152121-30-7, 350228-36-3 (HCl)	10 mM	S1077	p38 MAPK	SB 202190 is a P38 MAP(mitogen activated protein) Kinase inhibitor.  
LY2228820	CC(C1=NC(=C(N1)C2=NC3=C(C=C2)N=C(N3CC(C)(C)C)N)C4=CC=C(C=C4)F)(C)C.CS(=O)(=O)O.CS(=O)(=O)O	a8-L1200-02	862507-23-1, 862505-00-8 (free base), 862507-29-7 (HCl)	10 mM	S1494	p38 MAPK	LY2228820 is a novel and potent p38MAPK inhibitor (the IC50 for p38_MAPK and p38_MAPK were 7 nM and 3 nM, respectively).
BIRB 796 (Doramapimod)	C1=C(C2=C(C(=C1)OCCN3CCOCC3)C=CC=C2)NC(NC4=CC(=NN4C5=CC=C(C=C5)C)C(C)(C)C)=O	d10-L1200-02	285983-48-4, 1283526-53-3 (HCl)	10 mM	S1574	p38 MAPK	BIRB796 Doramapimod a small molecule of p38 MAPK inhibitor with Kd of 0.1 nM is available at Selleck.
PH-797804	C1(=C(C=CC(=C1)C(=O)NC)C)N2C(=CC(=C(C2=O)Br)OCC3=CC=C(C=C3F)F)C	e9-L1200-03	586379-66-0, 1073667-47-6	10 mM	S2726	p38 MAPK	PH-797804 is a highly selective, potent, and ATP-competitive p38 MAP kinase inhibitor with an IC50 of 2.3 nM.
VX-702	C1=CC(=C(C(=C1)F)N(C2=NC(=C(C=C2)C(N)=O)C3=C(C=C(C=C3)F)F)C(=O)N)F	e6-L1200-04	745833-23-2, 479543-46-9	10 mM	S6005	p38 MAPK	VX-702 is a P38 MAPK inhibitor,  IL-6, IL-1_ and TNF_ (IC50 = 59, 122 and 99 ng/ml, respectively)
CP 673451	C1=CC(=C2C(=C1)C=CC(=N2)N3C4=CC=C(C=C4N=C3)OCCOC)N5CCC(CC5)N	c9-L1200-02	343787-29-1, 343787-32-6 (4-methylbenzenesulfonate)	10 mM	S1536	PDGFR	CP 673451 is a potent PDGFR-_ inhibitor with an IC50 of 1 nM.
Imatinib (Gleevec)	N1=C(N=C(C=C1)C2=CC=CN=C2)NC3=CC(=CC=C3C)NC(=O)C4=CC=C(C=C4)CN5CCN(CC5)C	h4-L1200-03	152459-95-5	10 mM	S2475	PDGFR	Imatinib (STI571) is a number of tyrosine kinase enzymes specific inhibitor.
Crenolanib (CP-868596)	C1=CC(=C2C(=C1)C=CC(=N2)N3C=NC4=C3C=CC(=C4)OCC5(COC5)C)N6CCC(CC6)N	a10-L1200-03	670220-88-9, 670220-93-6 (benzenesulfonate)	10 mM	S2730	PDGFR	Crenolanib (CP-868569) is a highly selective and potent PDGFR-_ inhibitor with IC50 of 0.9 and 1.8 nM against PDGFR_ and PDGFR_, respectively.
Imatinib Mesylate	C1(=CC=C(C(=C1)NC2=NC=CC(=N2)C3=CC=CN=C3)C)NC(=O)C4(=CC=C(C=C4)CN5CCN(CC5)C).OS(C)(=O)=O	a4-L1200-01	220127-57-1, 152459-95-5 (free base), 862366-25-4 (HCL)	10 mM	S1026	PDGFR, c-Kit, Bcr-Abl	Imatinib Mesylate is a multitargeted c-kit, PDGF-R and c-ABL inhibitor with IC50 of 3.9 and 2.9 _M for the inhibition of T-cell proliferation stimulated by DCs and PHA, respectively.
Linifanib (ABT-869)	C12=CC=CC(=C1C(=NN2)N)C3=CC=C(C=C3)NC(=O)NC4=C(C=CC(=C4)C)F	a2-L1200-01	796967-16-3, 1145655-58-8 (HCl), 796967-17-4 (TFA)	10 mM	S1003	PDGFR, VEGFR	Linifanib (ABT-869) is a structurally novel, potent RTK and VEGF and PDGF receptor families inhibitor to human endothelial cells, PDGFR-_, KDR, and CSF-1R, with IC50 of 0.2, 2, 4, and 7 nM, respectively.
OSU-03012	C12=C(C=CC3=C1C=CC(=C3)C4=CC(=NN4C5=CC=C(C=C5)NC(CN)=O)C(F)(F)F)C=CC=C2	c9-L1200-01	742112-33-0	10 mM	S1106	PDK-1	OSU-03012 is a potent inhibitor of recombinant PDK-1 with IC50 of 5 _íM
BX-795	N1(CCCC1)C(=O)NC2C=C(C=CC=2)NC3N=C(C(=CN=3)I)NCCCNC(C4=CC=CS4)=O	h4-L1200-02	702675-74-9	10 mM	S1274	PDK-1	BX795 is a potent and specific TBK1, IKK_ and PDK-1 inhibitor with IC50 of 6 nM, 41 nM and 111 nM, respectively.
BX-912	N1(CCCC1)C(=O)NC2C=C(C=CC=2)NC3N=C(C(=CN=3)Br)NCCC4=CN=CN4	a5-L1200-02	702674-56-4	10 mM	S1275	PDK-1	BX912 is a selective potent PDK1 inhibitor with IC50 of 12 nM.
GDC-0941	C1(=CC=CC2=C1C=NN2)C3=NC(=C4C(=N3)C=C(S4)CN5CCN(CC5)S(=O)(=O)C)N6CCOCC6	d6-L1200-01	957054-30-7, 957054-33-0 (dimethanesulfonate), 957054-54-5 (xTFA)	10 mM	S1065	PI3K	Inhibitor of Class I PI3 Kinase,p110a IC50=0.003uM,U87MG IC50=0.95_M.
ZSTK474	N1=C(N=C(N=C1N2CCOCC2)N3C4=C(N=C3C(F)F)C=CC=C4)N5CCOCC5	h6-L1200-01	475110-96-4	10 mM	S1072	PI3K	ZSTK474 is an inhibitor of PI3K _(IC50 at 6 nM).
LY294002	C1=CC(=C2C(=C1)C(C=C(O2)N3CCOCC3)=O)C4=CC=CC=C4	b9-L1200-01	154447-36-6, 934389-88-5 (HCl)	10 mM	S1105	PI3K	PI3k inhibitor (cell IC50 about 10 _M) and a casein kinase II inhibitor.
XL147	C1=CC=C2C(=C1)N=C(C(=N2)NS(=O)(=O)C3=CC=C(C=C3)C)NC4=CC5C(C=C4)=NSN=5	e10-L1200-01	956958-53-5	10 mM	S1118	PI3K	XL147 is a selective inhibitor of Class I PI3K isoforms.
TGX-221	C1=C(C=C(C2N1C(C=C(N=2)N3CCOCC3)=O)C(C)NC4=CC=CC=C4)C	c2-L1200-02	663619-89-4	10 mM	S1169	PI3K	TGX-221 is a low-nanomolar range PI3K_ inhibitor (IC50=10nM), shows about 1000-fold higher selectivity over PI3K_, and is cell permeable. 
PIK-90	C1=C(C(=C2C(=C1)C3N(C(=N2)NC(C4=CC=CN=C4)=O)CCN=3)OC)OC	c3-L1200-02	677338-12-4	10 mM	S1187	PI3K	PI3K inhibitor,IC50=11, 350, 18, and 58 for p110 _, _, _ and _ isoforms.
YM201636	C1C(=CC=C(N=1)N)C(=O)NC2C=C(C=CC=2)C3N=C4C(=C(N=3)N5CCOCC5)OC6C(=CC=CN=6)4	f3-L1200-02	371942-69-7, 371933-96-9 (2HCl)	10 mM	S1219	PI3K	YM201636 is a selective PIKfyve inhibitor with IC50 of 33 nM.
TG100-115	C1(=C(N=C2C(=N1)C(=NC(=N2)N)N)C3=CC=CC(=C3)O)C4=CC(=CC=C4)O	c5-L1200-02	677297-51-7, 677297-55-1 (2HCL)	10 mM	S1352	PI3K	TG100Đ115 is a PI3K _ and -_ inhibitor (IC50 = 83 and 235 nM, respectively)
AS-605240	C1(=CC=C2C(=C1)N=CC=N2)/C=C3\SC(NC3=O)=O	b6-L1200-02	648450-29-7	10 mM	S1410	PI3K	AS-605240 is a novel, potent, and selective PI3K_ inhibitor with IC50 of 8 nM. 
PIK-293	C1(N(C(C2=C(N=1)C=CC=C2C)=O)C3=C(C=CC=C3)C)CN4N=CC5=C4N=CN=C5N	g2-L1200-03	900185-01-5	10 mM	S2207	PI3K	PIK-293 is a PI3-K inhibitor.PIK-293 inhibit the p110_, p110_, p110_, and p110_ with IC50 of 100uM,25uM,0.24uM,and 10uM.
CAL-101 (GS-1101)	C1=CC=C2C(=C1F)C(N(C(=N2)[C@@H](NC3=C4C(=NC=N3)NC=N4)CC)C5=CC=CC=C5)=O	f3-L1200-03	870281-82-6	10 mM	S2226	PI3K	CAL-101 is a potent PI3K p110_ inhibitor with an IC50 of 65 nM.
PIK-294	N1=CN=C2C(=C1N)C(=NN2CC3N(C(C4=C(N=3)C=CC=C4C)=O)C5=C(C=CC=C5)C)C6=CC(=CC=C6)O	g3-L1200-03	900185-02-6	10 mM	S2227	PI3K	PIK-294 is a highly selective p110 inhibitor with an IC50 of 3 nM.
Palomid 529	C1=C(C=CC(=C1)COC2=C(C=C3C(=C2)OC(C4=C3C=CC(=C4)C(C)O)=O)OC)OC	b4-L1200-03	914913-88-5	10 mM	S2238	PI3K	Palomid 529 (P529) is a PI3K/Akt/mTOR inhibitor for VEGF-A and bFGF with IC50 of 10 nM and 30 nM, respectively.
BKM120 (NVP-BKM120)	C1=C(N=CC(=C1C(F)(F)F)C2=NC(=NC(=C2)N3CCOCC3)N4CCOCC4)N	d4-L1200-03	944396-07-0, 1312445-63-8 (HCl), 1370351-44-2 (0.5H2O)	10 mM	S2247	PI3K	BKM120 (NVP-BKM120) is a bioavailable specific oral pan-class I phosphatidylinositol 3-kinase (PI3K) kinase inhibitor. 
A66	C1SC(=NC=1C2SC(=NC=2C)NC(N3[C@@H](CCC3)C(=O)N)=O)C(C)(C)C	d6-L1200-03	1166227-08-2	10 mM	S2636	PI3K	A66 is a highly specific and selective p110_ inhibitor with IC50 of 32,30 and 43 nM for p110_, p110_/E545K, p110_/H1047R, respectively.
AS-252424	C1(=CC(=C(C=C1)C2OC(=CC=2)/C=C3\SC(NC3=O)=O)O)F	b7-L1200-03	900515-16-4	10 mM	S2671	PI3K	AS-252424 is a potent and selective PI3k _ inhibitor with IC50 of 33 and 935 nM for PI3K_ and PI3K_, respectively.
AS-604850	C12=C(C=CC(=C1)/C=C3\SC(NC3=O)=O)OC(O2)(F)F	g7-L1200-03	648449-76-7	10 mM	S2681	PI3K	AS-604850 is a selective, ATP-competitive PI3K_ inhibitor with IC50 of 0.25, >20, >20, and 4.5 µM for the human recombinant _, _, _, and _ isoforms, respectively.
CAY10505	C1(=CC=C(C=C1)C2OC(=CC=2)/C=C3\C(NC(S3)=O)=O)F	h7-L1200-03	1218777-13-9 	10 mM	S2682	PI3K	CAY10505 is a PI3K_ inhibitor with IC50 of 30 nM.
PKI-402	C12=C(N=C(N=C1N3CCOCC3)C4=CC=C(C=C4)NC(NC5=CC=C(C=C5)C(N6CCN(CC6)C)=O)=O)N(N=N2)CC	d10-L1200-03	1173204-81-3, 1173204-82-4 (XHCl)	10 mM	S2739	PI3K	PKI-402 is a potent dual PI3K/mTOR inhibitor targeting PI3K_, PI3K_, PI3K_, PI3K_ and mTOR with IC50 of 2 nM, 7 nM, 16 nM, 14 nM, and 3 nM, respectively.
NVP-BGT226	C(/C=C\C(=O)O)(=O)O.N1=CC2=C(C3=CC(=CC=C13)C4C=NC(=CC=4)OC)N(C(N2C)=O)C5C=C(C(=CC=5)N6CCNCC6)C(F)(F)F	d11-L1200-03	1245537-68-1, 915020-55-2 (free base)	10 mM	S2749	PI3K	NVP-BGT226 is a novel dual PI3K/mTOR inhibitor with IC50 of 1 nM.
Wortmannin	C1(C2C3[C@]([C@H](O1)COC)(C4=C(C(C=3OC=2)=O)[C@@]5(CCC([C@@](C[C@@H]4OC(=O)C)5C)=O)[H])C)=O	a2-L1200-04	19545-26-7, 1405-03-4	10 mM	S2758	PI3K	Wortmannin is a multi-target inhibitor of MLCK and PI3K with IC50 of 0.17 _M and 3 nM, respectively.
3-Methyladenine	N1=CN=C2N(C=NC(=C12)N)C	d2-L1200-04	5142-23-4, 80681-18-1(HCl)	10 mM	S2767	PI3K	3-Methyladenine (3-MA) is a selective PI3K inhibitor for Vps34 and PI3K_ with IC50 of 25 _M and 60 _M, respectively.
BYL719	N1([C@@H](CCC1)C(=O)N)C(=O)NC2SC(=C(N=2)C)C3=CC(=NC=C3)C(C(F)(F)F)(C)C	d4-L1200-04	1217486-61-7	10 mM	S2814	PI3K	BYL719 strongly and selectively inhibits the PI3K_.
 TG 100713	C1(C=C(C=CC=1)C2=NC3=C(N=C(N=C(N=C2)3)N)N)O	b6-L1200-04	925705-73-3	10 mM	S2870	PI3K	TG 100713 is a PI3K inhibitor for PI3Kg, PI3Kd, PI3Ka and PI3Kb with IC50 of 50 nM, 24 nM, 165 nM and 215 nM, respectively.
PIK-75	C1(C(=CN2C(C=1)=NC=C2/C=N/N(S(C3=C(C=CC(=C3)[N+](=O)[O-])C)(=O)=O)C)Br).Cl	d3-L1200-02	372196-77-5, 372196-67-3 (free base)	10 mM	S1205	PI3K, DNA-PK	PIK-75 Hydrochloride is a hydrochloride salt form of PIK-75, which is a preferential p110_/_ forms of PI3K inhibitor with IC50 of 6, 1300, 76, 510 nM for p110_, p110_, p110_, p110_, respectively.
GSK1059615	C1(=CC=C2C(=C1)C(=CC=N2)C3=CC=NC=C3)/C=C4/C(NC(S4)=O)=O	d5-L1200-02	958852-01-2, 1356195-42-0 (H2O . Na)	10 mM	S1360	PI3K, mTOR	GSK1059615 is a pan-PI3K reversible inhibitor,IC50:PI3K_(0.4 nM), _ (0.6 nM),_ (5 nM),_ (2 nM) and mTOR(12 nM).
XL765	C12=CC=CC=C1N=C(C(=N2)NC3=CC(=CC(=C3)OC)OC)NS(C4=CC=C(C=C4)NC(=O)C5=CC=C(C(=C5)OC)C)(=O)=O	c8-L1200-02	1349796-36-6, 1123889-87-1	10 mM	S1523	PI3K, mTOR	XL765 (SAR245409) is a mixed mTOR/PI3k inhibitor with IC50 of 157, 39, 113, 9 and 43 nM for mTOR, p110_, _, _ and _, respectively.
GSK2126458	C1(C(=CC(=CC=1)F)F)S(=O)(=O)NC2C(=NC=C(C=2)C3C=C4C(=CC=NC(=CC=3)4)C5C=NN=CC=5)OC	f6-L1200-03	1086062-66-9	10 mM	S2658	PI3K, mTOR	GSK2126458 is a highly potent PI3K and mTOR inhibitor with an app Ki of 19 pM for PI3K.
Quercetin (Sophoretin)	C1(=CC(=C2C(=C1)OC(=C(C2=O)O)C3=CC=C(C(=C3)O)O)O)O	g4-L1200-03	117-39-5	10 mM	S2391	PI3K, PKC, Src, Sirtuin	Quercetin is a PI3K and PKC inhibitor with IC50 of 3.8 _M and 15µg/ml.
PIK-93	C1(=C(C=C(C=C1)C2SC(=NC=2C)NC(C)=O)S(=O)(=O)NCCO)Cl	g7-L1200-02	593960-11-3	10 mM	S1489	PI3K, VEGFR	PIK-93 is a PI4KIII_inhibitor (IC50 at 19 nM).
Enzastaurin (LY317615)	C1=CC=C2C(=C1)C(=CN2C3CCN(CC3)CC4=NC=CC=C4)C5C(NC(C=5C6C7C(N(C=6)C)=CC=CC=7)=O)=O	a6-L1200-01	170364-57-5, 365253-37-8 (2HCl)	10 mM	S1055	PKC	Enzastaurin (LY317615) is a potent PKC beta inhibitor with an IC50 of 6 nM.
Staurosporine	[C@]12([C@@H]([C@@H](C[C@@H](O1)N3C4=C5C(=C6C(=C4C7C3=CC=CC=7)C(NC6)=O)C8=C(N25)C=CC=C8)NC)OC)C	c6-L1200-02	62996-74-1	10 mM	S1421	PKC	Staurosporine (AM-2282) is a potent PKC inhibitor with IC50 of 2.7 nM.
cx-4945 (Silmitasertib)	C1=NC=C2C(=C1)C(=NC3=C2C=CC(=C3)C(=O)O)NC4=CC(=CC=C4)Cl	e4-L1200-03	1009820-21-6, 1309357-15-0 (sodium salt)	10 mM	S2248	PKC	CX-4945 (CX 4945) is a potent and selective ATP-competitive small molecule protein kinase CK2 inhibitor with a Ki and an IC50 of 0.38 and 1 nM for recombinant human CK2_, respectively.
Sotrastaurin (AEB071)	N1C(C(=C(C1=O)C2N=C(N=C3C=CC=CC=23)N4CCN(CC4)C)C5=CNC6C=CC=CC5=6)=O	e3-L1200-04	425637-18-9, 1058706-32-3 (HCl), 1058706-35-6 (Maleic acid)	10 mM	S2791	PKC	Sotrastaurin (AEB071) is a potent selective pan-PKC inhibitor and highly inhibits PKC_ with Ki of 0.22 nM. 
BI 2536	C1(=CC=C(C(=C1)OC)NC2=NC=C3C(=N2)N([C@@H](C(N3C)=O)CC)C4CCCC4)C(NC5CCN(CC5)C)=O	f9-L1200-01	755038-02-9, 876126-71-5 (H2O)	10 mM	S1109	PLK	BI 2536 is a small molecule Plk1 inhibitor with an IC50 of 0.83 nM. 
ON-01910	C1(=C(C=C(C=C1OC)OC)OC)/C=C/S(CC2=CC=C(C(=C2)NCC(O[Na])=O)OC)(=O)=O	f5-L1200-02	1225497-78-8	10 mM	S1362	PLK	ON-01910 is a non-ATP-competitive small molecule Plk1inhibitor with an IC50 of 9 nM.
HMN-214	C1=CC=CC(=C1N(S(C2=CC=C(C=C2)OC)(=O)=O)C(C)=O)/C=C/C3=CC=N(C=C3)=O	d7-L1200-02	173529-46-9	10 mM	S1485	PLK	HMN-214 (a prodrug of HMN-176) is a potent PLK1 inhibitor (an average cell IC50 of 118nM).
GSK461364	C1N(CCN(C1)CC2=CC3=C(C=C2)N=CN3C4=CC(=C(S4)C(=O)N)O[C@H](C)C5=CC=CC=C5C(F)(F)F)C	h11-L1200-02	929095-18-1, 1000873-97-1	10 mM	S2193	PLK	GSK 461364 is a potent small molecule Polo-like kinase 1 (PLK1) inhibitor with a Ki of 2.2 nM.
BI6727 (Volasertib)	[C@H]1(C(N(C2=C(N1C(C)C)N=C(N=C2)NC3=CC=C(C=C3OC)C(N[C@@H]4CC[C@H](CC4)N5CCN(CC5)CC6CC6)=O)C)=O)CC	a4-L1200-03	755038-65-4, 946161-17-7 (3HCl)	10 mM	S2235	PLK	BI 6727 is a highly potent Polo-like kinase inhibitor with an IC50 of 0 .87 nM.
GDC-0879	C(CN1N=C(C(=C1)C2=CC=C3C(=C2)CCC/3=N/O)C4C=CN=CC=4)O	a9-L1200-01	905281-76-7	10 mM	S1104	Raf	GDC-0879 is an B-Raf inhibitor ( EC50 = 0.75 µM).
PLX-4720	C1(=CN=C2C(=C1)C(=CN2)C(=O)C3=C(C(=CC=C3F)NS(=O)(=O)CCC)F)Cl	f11-L1200-01	918505-84-7	10 mM	S1152	Raf	"PLX-4720 is a potent and selective inhibitor of ""active"" form of B-Raf (V600E) and c-Raf-1 (Y340D/Y341D) with IC50 of 13 nM and 6.7 nM, respectively. "
Vemurafenib (PLX4032)	C1(=CN=C2C(=C1)C(=CN2)C(=O)C3=C(C(=CC=C3F)NS(=O)(=O)CCC)F)C4=CC=C(C=C4)Cl	f4-L1200-02	918504-65-1	10 mM	S1267	Raf	PLX4032 (Vemurafenib, RG7204, Zelboraf, RO5185426) is a novel and potent inhibitor of B-RafV600E with IC50 of 31 nM.
SB590885	N1C(=C(NC=1C2=CC=C(C=C2)OCCN(C)C)C3=CC=C4C(=C3)CCC/4=N/O)C5=CC=NC=C5	d3-L1200-03	405554-55-4 	10 mM	S2220	Raf	SB590885 is a potent B-Raf inhibitor with Ki of 0.16 nM.
ZM 336372	C1(=CC=CC(=C1)C(NC2=CC(=C(C=C2)C)NC(C3=CC=C(C=C3)O)=O)=O)N(C)C	c9-L1200-03	208260-29-1	10 mM	S2720	Raf	Zm 336372 is a potent, selective c-Raf inhibitor with an IC50 of 70 nM for inhibition of human c-Raf in vitro.
AZ628	C1(=CC=CC(=C1)C(NC2=CC=C(C(=C2)NC3=CC4=C(C=C3)N=CN(C4=O)C)C)=O)C(C#N)(C)C	b11-L1200-03	878739-06-1	10 mM	S2746	Raf	AZ628 is a potent inhibitor for wild-type CRAF and BRAFV600E with IC50 of 29 nM and 34 nM, respectively. 
Dabrafenib (GSK2118436)	C1(C(=CC=CC=1F)F)S(=O)(=O)NC2C(=C(C=CC=2)C3N=C(SC=3C4=NC(=NC=C4)N)C(C)(C)C)F	a4-L1200-04	1195765-45-7, 1195768-06-9 (methanesulfonic acid)	10 mM	S2807	Raf	Dabrafenib (GSK2118436) is a potent ATP-competitive inhibitor of B-Raf, B-RafV600E and c-Raf with IC50 of 3.2 nM, 0.8 nM and 5.0 nM, respectively.
Y-27632 2HCl	[C@@H]1(CC[C@@H](CC1)[C@@H](C)N)C(=O)NC2(C=CN=CC=2).Cl.Cl	h5-L1200-01	129830-38-2, 146986-50-7	10 mM	S1049	ROCK	Y-27632 2HCl is a selective ROCK1 (p160ROCK) inhibitor with Ki of 140 nM.
Thiazovivin	C1(SC=C(N=1)C(NCC2=CC=CC=C2)=O)NC3=CC=NC=N3	f6-L1200-02	1226056-71-8, 1228446-06-7 (TFA)	10 mM	S1459	ROCK	Thiazovivin (Tzv) is a novel ROCK inhibitor with IC50 of ~0.5 _M.
Bosutinib (SKI-606)	N1=CC(=C(C2=CC(=C(C=C12)OCCCN3CCN(CC3)C)OC)NC4C(=CC(=C(C=4)OC)Cl)Cl)C#N	h2-L1200-01	380843-75-4, 918639-08-4 (H2O), 918639-09-5 (2-propanol)	10 mM	S1014	Src	Bosutinib (SKI-606) is a Src family kinase inhibitor. It inhibited migration of breast cancer cell lines with IC50 values of 0.1 to 0.3 umol/L.
PCI-32765 (Ibrutinib)	C1=NC(=C2C(=N1)N(N=C2C3=CC=C(C=C3)OC4=CC=CC=C4)[C@H]5CN(CCC5)C(C=C)=O)N	f7-L1200-03	936563-96-1	10 mM	S2680	Src	PCI-32765 is a high potent irreversible BTK inhibitor with an IC50 of 0.46 nM for the purified Btk.
KX2-391	C1=C(C=CC(=C1)C2=CC=C(N=C2)CC(NCC3=CC=CC=C3)=O)OCCN4CCOCC4	g8-L1200-03	897016-82-9, 1038395-65-1 (2HCl), 1080645-95-9 (methanesulfonate), 1201926-60-4 (Maleic acid)	10 mM	S2700	Src	KX2-391 is a synthetic, orally bioavailable small molecule and non-ATP competitive Src tyrosine kinase signaling inhibitor with an IC50 of average 72 nM.
Saracatinib (AZD0530)	C1=C(C=C2C(=C1OC3CCOCC3)C(=NC=N2)NC4=C(C=CC5=C4OCO5)Cl)OCCN6CCN(CC6)C	c2-L1200-01	379231-04-6, 893428-72-3 (Fumaric acid), 893428-71-2 (3H2O)	10 mM	S1006	Src, Bcr-Abl	Saracatinib (AZD0530) is a highly selective, orally available, dual-specific Src/Abl kinase inhibitor with IC50 of 2.7 and 30 nM for c-Src and Abl kinase, respectively.
Dasatinib (BMS-354825)	N1=C(N=C(C=C1NC2=NC=C(S2)C(NC3=C(C=CC=C3C)Cl)=O)N4CCN(CC4)CCO)C	e3-L1200-01	302962-49-8, 854001-07-3 (HCl)	10 mM	S1021	Src, Bcr-Abl, c-Kit	Dasatinib also known as BMS-354825, Sprycel, BMS354825 is ATP-competitive, dual SRC/ABL inhibitor. BMS-354825 inhibits all members of the Src family, including c-Src, Lck, Fyn, and Yes (IC50 < 1.1nmol/L).
R406(free base)	C1(=C(C=C(C=C1OC)NC2=NC(=C(C=N2)F)NC3=NC4=C(C=C3)OC(C(N4)=O)(C)C)OC)OC	b9-L1200-02	841290-80-0	10 mM	S1533	Syk	R406 (free base) is an orally available spleen tyrosine kinase inhibitor with a Ki of 30 nM.
R935788 (Fostamatinib disodium, R788 disodium)	C1(=C(C(=CC(=C1)NC2=NC=C(C(=N2)NC3=CC=C4C(=N3)N(C(C(O4)(C)C)=O)COP([O-])([O-])=O)F)OC)OC)OC.[Na+].[Na+]	f2-L1200-03	1025687-58-4, 901119-35-5 (free base),1180490-89-4 (acetate)	10 mM	S2206	Syk	R935788 (Fostamatinib disodium) is a selective Syk inhibitor with an IC50 of 41 nM.
R788 (Fostamatinib)	C1(=C(C(=CC(=C1)NC2=NC=C(C(=N2)NC3=CC=C4C(=N3)N(C(C(O4)(C)C)=O)COP(O)(O)=O)F)OC)OC)OC	g5-L1200-03	901119-35-5	10 mM	S2625	Syk	R788 (Fostamatinib) is a Syk inhibitor with IC50 of 41 nM.
Piceatannol	C1(C(=CC(=CC=1)/C=C/C2C=C(C=C(C=2)O)O)O)O	c6-L1200-04	10083-24-6, 21100-92-5	10 mM	S3026	Syk	Piceatannol is a selective Syk inhibitor with IC50 of ~10 _M.
R406	C1(=C(C=C(C=C1OC)NC2=NC(=C(C=N2)F)NC3=NC4=C(C=C3)OC(C(N4)=O)(C)C)OC)OC.C5=CC=CC(=C5)S(O)(=O)=O	a2-L1200-03	841290-81-1, 841290-82-2 (methanesulfonate)	10 mM	S2194	Syk, Flt	R406 is an orally available spleen tyrosine kinase inhibitor with an IC50 of 41 nM.
SB 431542	C1=CC=CC(=N1)C2NC(=NC=2C3=CC4=C(C=C3)OCO4)C5=CC=C(C=C5)C(=O)N	e6-L1200-01	301836-41-9, 1049727-65-2 (H2O)	10 mM	S1067	TGF-beta/Smad	SB-431542 is an inhibitor of activin receptor-like kinase (ALK)5 (the TGF-_type I receptor) (IC50 = 94 nM).
SB 525334	C1(=CC=C2C(=C1)N=CC=N2)C3NC(=NC=3C4=CC=CC(=N4)C)C(C)(C)C	c7-L1200-02	356559-20-1	10 mM	S1476	TGF-beta/Smad	SB525334 is a selective inhibitor of transforming growth factor-_ receptor I (ALK5, TGF-_RI) (IC50 = 14.3 nM).
LDN193189	C1(=CC=C(C=C1)C2C=NC3N(C=2)N=CC=3C4=CC=NC5=C4C=CC=C5)N6CCNCC6	c5-L1200-03	1062368-24-4, 1062368-62-0 (HCl)	10 mM	S2618	TGF-beta/Smad	LDN193189 is a highly potent small molecule BMP inhibitor with IC50 of 5 and 30 nM for ALK2 and ALK3, respectively.
Tie2 kinase inhibitor	C12=C(C=CC(=C1)C3=C(N=C(N3)C4=CC=C(C=C4)S(C)=O)C5=CC=NC=C5)C=C(C=C2)OC	e10-L1200-02	948557-43-5	10 mM	S1577	Tie-2	Tie2 kinase inhibitor is a potent and selective Tie2 inhibitor with IC50 of 0.25 _M.
Vandetanib (Zactima)	C12=C(C(=NC=N1)NC3=C(C=C(C=C3)Br)F)C=C(C(=C2)OCC4CCN(CC4)C)OC	f5-L1200-01	443913-73-3, 338992-53-3 (TFA), 524722-52-9 (HCl)	10 mM	S1046	VEGFR	Vandetanib (Zactima) is a VEGFR and EGFR antagonist and a tyrosine kinase inhibitor with IC50 of 60, 90, 40 nM for HUVEC proliferation, PC-9 cells and tyrosine kinase activity, respectively.
Brivanib (BMS-540215)	C12=C(C(=C(C=C1)OC3=NC=NN4C3=C(C(=C4)OC[C@@H](C)O)C)F)C=C(N2)C	g7-L1200-01	649735-46-6	10 mM	S1084	VEGFR	Brivanib is an ATP-competitive inhibitor against human VEGFR2 and FGFR with IC50 of 25 nM and 148 nM, respectively.
Brivanib alaninate (BMS-582664)	C12=C(C(=C(C=C1)OC3=NC=NN4C3=C(C(=C4)OC[C@@H](C)OC([C@@H](N)C)=O)C)F)C=C(N2)C	b11-L1200-01	649735-63-7	10 mM	S1138	VEGFR	A multiple inhibitor of VEGFR( IC50 of VEGFR-2(25 nM), VEGFR-1 (380nM), VEGFR-3 (10 nM)); FGFR (FGFR-1 (IC50=148 nM), FGFR-2 (IC50 =125 nM), and FGFR-3 (IC50 = 68 nM))tyrosine kinases
E7080 (Lenvatinib)	C1(=C(C=C2C(=C1)C(=CC=N2)OC3=CC(=C(C=C3)NC(=O)NC4CC4)Cl)OC)C(N)=O	a2-L1200-02	417716-92-8, 857890-39-2 (methanesulfonate), 857890-31-4 (HCl)	10 mM	S1164	VEGFR	E7080 (Lenvatinib) is a multi-target inhibitor of VEGFR2 and VEGFR3 with IC50 of 4 nM and 5.2 nM, respectively.
Apatinib (YN968D1)	S(=O)(O)(C)=O.C1=CN=C(C(=C1)C(NC2=CC=C(C=C2)C3(CCCC3)C#N)=O)NCC4=CC=NC=C4	e3-L1200-03	811803-05-1	10 mM	S2221	VEGFR	Apatinib (YN968D1) is a small-molecule selective multitargeted tyrosine kinase inhibitor with an IC50 of 2.43 nM for the inhibition of VEGFR2.
SAR131675	C12C(N(C(=C(C1=O)C(NC)=O)N)CC)=NC(=CC=2)C#C[C@](O)(C)COC	d5-L1200-04		10 mM	S2842	VEGFR	SAR131675 is a VEGFR-3 inhibitor with IC50 of 20 nM.
Semaxanib (SU5416)	C1=CC=C2C(=C1)/C(C(N2)=O)=C/C3NC(=CC=3C)C	e5-L1200-04	194413-58-6	10 mM	S2845	VEGFR	Adrenalone is an adrenergic agonist.
Vatalanib dihydrochloride (PTK787)	C1(=CC=C2C(=C1)C(=NN=C2CC3=CC=NC=C3)NC4=CC=C(C=C4)Cl).Cl.Cl	f8-L1200-01	212141-51-0, 212141-54-3 (free base)	10 mM	S1101	VEGFR, c-Kit, Flt	Vatalanib (PTK787/ZK 222584) is a novel VEGFR and c-Kit tyrosine kinases and angiogenesis inhibitor with IC50 of 0.037, 0.077, 0.27 and 0.73 _M for KDR, Flt-1, Flk and c-Kit, respectively.
Tivozanib (AV-951)	C1(=CC=C(C(=C1)Cl)NC(=O)NC2C=C(ON=2)C)OC3=CC=NC4=C3C=C(C(=C4)OC)OC	e3-L1200-02	475108-18-0, 682745-41-1 (ClH.H2O), 682745-43-3 (HCL)	10 mM	S1207	VEGFR, c-Kit, PDGFR	Tivozanib also known as AV-951 is an orally bioavailable potent VEGFR-1, 2 and 3, c-Kit and PDGFR inhibitor with IC50 of 0.21, 0.16, 0.24, 1.63 and 1.72 nM, respectively.
Ki8751	C1=CN=C2C(=C1OC3=CC=C(C(=C3)F)NC(NC4=CC=C(C=C4F)F)=O)C=C(C(=C2)OC)OC	g5-L1200-02	228559-41-9	10 mM	S1363	VEGFR, c-Kit, PDGFR	Ki8751 is a potent, selective VEGFR-2 tyrosine kinase inhibitor with IC50 of 0.9 nM, 40, 67, 170 nM for VEGF-2, c-Kit, PDGFR_ and FGFR-2, respectively.
XL-184 free base (Cabozantinib)	C12=C(C(=CC=N1)OC3=CC=C(C=C3)NC(C4(C(NC5=CC=C(C=C5)F)=O)CC4)=O)C=C(C(=C2)OC)OC	f10-L1200-01	849217-68-1,1140909-48-3 (L-(-)-Apple Acid)	10 mM	S1119	VEGFR, c-Met, Flt, Tie-2, c-Kit	XL184 (Cabozantinib, BMS-907351) is a potent multitargeted VEGFR2, Met, FLT3, Tie2, Kit and Ret inhibitor with IC50 of 0.035, 1.8, 14.4, 14.3 and 4.6 nM for VEGFR2, Met, FLT3, Tie2 and Kit, respectively.
Cediranib (AZD2171)	C1(=C(C=C2C(=C1)C(=NC=N2)OC3=C(C4=C(C=C3)NC(=C4)C)F)OCCCN5CCCC5)OC	a3-L1200-01	288383-20-0, 857036-77-2 (Maleic acid)	10 mM	S1017	VEGFR, Flt	Cediranib (AZD2171) inhibited VEGF-stimulated proliferation and KDR phosphorylation with IC50 of 0.4 and 0.5 nM, respectively. 
KRN 633	C1(=C(C=C2C(=C1)C(=NC=N2)OC3=CC=C(C(=C3)Cl)NC(=O)NCCC)OC)OC	f9-L1200-02	286370-15-8	10 mM	S1557	VEGFR, PDGFR	KRN 633 is a cell-permeable, reversible, ATP-competitive VEGFR kinase inhibitor with IC50 of 170 nM, 160 nM, and 125 nM for VEGFR-1, VEGFR-2, VEGFR-3, respectively.
TSU-68	C1=CC=C2C(=C1)/C(C(N2)=O)=C/C3NC(=C(C=3C)CCC(O)=O)C	a7-L1200-02	252916-29-3, 251356-54-4 (sodium salt)	10 mM	S1470	VEGFR, PDGFR , FGFR	TSU-68 (SU6668)is a novel multiple receptor tyrosine kinase inhibitor with IC50 of 2.1 µM, 8 nM and 1.2 µM for VEGF-R1, PDGF-R_ and FGF-R1, respectively.
Axitinib	C1(=CC=CC=C1C(=O)NC)SC2=CC3=C(C=C2)C(=NN3)/C=C/C4=CC=CC=N4	b2-L1200-01	319460-85-0	10 mM	S1005	VEGFR, PDGFR, c-Kit	Axitinib is a receptor kinase inhibitor with IC50 of 0.1 nmol (VEGFR-1), 0.2 nmol (VEGFR-2), 0.1Đ0.3 nmol (VEGFR-3), 1.6 nmol (PDGFR-_) and 1.7 nmol (c-KIT).
Motesanib Diphosphate	C1(=CN=CC=C1CNC2=C(C=CC=N2)C(=O)NC3=CC=C4C(=C3)NCC4(C)C).P(O)(=O)(O)O.P(O)(=O)(O)O	c4-L1200-01	857876-30-3, 453562-69-1 (free base), 945716-97-2 (H2O)	10 mM	S1032	VEGFR, PDGFR, c-Kit	Motesanib is a multiple inhibitor of VEGFR1/2/3 (IC50: 2 _M /3 _M /6 _M), PDGFR (84_M), kit (8_M) & Ret (59_M) receptors.
Pazopanib HCl	C1(=C(C(=CC(=C1)NC2=NC=CC(=N2)N(C3C=CC4C(C=3)=NN(C=4C)C)C)S(=O)(N)=O)C).Cl	e4-L1200-01	635702-64-6, 444731-52-6 (free base)	10 mM	S1035	VEGFR, PDGFR, c-Kit	Pazopanib is a VEGFR inhibitor, IC50 of 10, 30, and 47 nM for VEGFR-1, -2, and -3.
Telatinib (BAY 57-9352)	N1=C(C2=C(C(=N1)OCC3=CC(=NC=C3)C(=O)NC)OC=C2)NC4=CC=C(C=C4)Cl	h3-L1200-03	332012-40-5, 332013-24-8 (4-methylbenzenesulfonate), 332013-28-2 (2HCl)	10 mM	S2231	VEGFR, PDGFR, c-Kit	Telatinib (BAY 57-9352) is an orally available, potent multitargeted VEGFR-2, VEGFR-3, PDGFR-_ and c-Kit tyrosine kinases inhibitor with an IC50 of 19 nM for the inhibition of VEGFR-2 autophosphorylation.
Sunitinib Malate (Sutent)	C1(=CC=C2C(=C1)/C(C(N2)=O)=C/C3NC(=C(C=3C)C(NCCN(CC)CC)=O)C)F.C(C[C@@H](C(O)=O)O)(O)=O	c5-L1200-01	341031-54-7, 557795-19-4 (free base), 1126641-10-8 ( Maleic acid)	10 mM	S1042	VEGFR, PDGFR, c-Kit, Flt	Sunitinib Malate (Sutent) is a multitargeted FLT3, PDGFRs, VEGFRs, and Kit kinase inhibitor with Ki of 0.009 and 0.008 µM for Flk-1 and PDGFR.
BIBF1120 (Vargatef)	C1=C(C=C2C(=C1)/C(C(N2)=O)=C(\C3=CC=CC=C3)NC4=CC=C(C=C4)N(C)C(CN5CCN(CC5)C)=O)C(OC)=O	f2-L1200-01	656247-17-5, 790241-30-4 (methanesulfonate), 959761-73-0 (HCl)	10 mM	S1010	VEGFR, PDGFR, FGFR	BIBF1120 (Vargatef) is a potent VEGF receptor (VEGFR), PDGFR and FGFR kinase inhibitor to VEGFR1, VEGFR2,VEGFR3 with IC50 of 34, 13 and 13 nM, respectively.
Sorafenib (Nexavar)	C1(=CC=C(C=C1C(F)(F)F)NC(NC2=CC=C(C=C2)OC3=CC=NC(=C3)C(NC)=O)=O)Cl.C4=CC(=CC=C4S(O)(=O)=O)C	b5-L1200-01	475207-59-1, 284461-73-0 (free base)	10 mM	S1040	VEGFR, PDGFR, Raf	Sorafenib Tosylate is a novel, small molecular inhibitor of several tyrosine protein kinases (VEGFR and PDGFR) and RAF/MEK/ERK cascade inhibitor with an IC50 of 6, 22, 38 nM for Raf-1, wt BRAF and V599E mutant BRAF.
Raf265 derivative	C12=C(C=CC(=C1)OC3=CC=NC(=C3)C4NC(=CN=4)C(F)(F)F)NC(=N2)NC5=CC=C(C=C5)C(F)(F)F	b2-L1200-03		10 mM	S2200	VEGFR, Raf	Raf265 derivative is a derivative of Raf265 that is an oral, highly selective RAF and VEGFR kinase inhibitor with IC50 of of 5 to 10 _M.
NVP-BHG712	C12=C(N=C(N=C1NC3=CC(=CC=C3C)C(NC4=CC=CC(=C4)C(F)(F)F)=O)C5=CC=CN=C5)N(N=C2)C	d2-L1200-03	940310-85-0	10 mM	S2202	VEGFR, Src, Raf, Bcr-Abl	NVP-BHG712 is a small molecule specific EphB4, VEGFR2, c-raf, c-src and c-Abl kinase inhibitor with ED50 of 25 nM, 4.2, 0.4, 1.3 and 1.7_M, respectively.
IC-87114	C12=C(N=C(N(C1=O)C3=C(C=CC=C3)C)CN4C=NC5=C4N=CN=C5N)C=CC=C2C	g4-L1200-02	371242-69-2	10 mM	S1268		IC-87114 was the first isoform-selective PI3K inhibitor : p110_(IC50 = 0.13 µM) vs. p110_(IC50 = 200 µM), p110_(IC50 = 16 µM) and p110_(IC50 = 61 µM).
