QSPRID	pchembl_value_median_Label	pchembl_value_median_Prediction
ADORA1_Ki_train_0196	8.93	8.16556
ADORA1_Ki_train_3542	5.75	5.13628
ADORA1_Ki_train_0655	8.21	8.0271
ADORA1_Ki_train_2063	7.18	7.04843
ADORA1_Ki_train_0465	7.17	6.7991
ADORA1_Ki_train_1674	6.66	7.64467
ADORA1_Ki_train_3144	8.3	8.51746
ADORA1_Ki_train_1925	4.78	5.53702
ADORA1_Ki_train_2272	6.96	6.24783
ADORA1_Ki_train_2126	5.67	5.85367
ADORA1_Ki_train_0691	6.77	6.69413
ADORA1_Ki_train_0063	6.88	6.79673
ADORA1_Ki_train_3551	6.66	5.84121
ADORA1_Ki_train_1163	7.46	7.17049
ADORA1_Ki_train_3004	6.46	6.9006
ADORA1_Ki_train_1258	5.47	5.67993
ADORA1_Ki_train_1071	7.86	7.215
ADORA1_Ki_train_1421	6.26	6.25885
ADORA1_Ki_train_0693	5.68	5.86082
ADORA1_Ki_train_2148	6.4	7.14461
ADORA1_Ki_train_1055	6.87	8.1663
ADORA1_Ki_train_1320	7.12	6.95616
ADORA1_Ki_train_3274	6.04	5.53051
ADORA1_Ki_train_2132	4.92	6.64163
ADORA1_Ki_train_0032	6.17	6.47424
ADORA1_Ki_train_1057	5.67	5.82993
ADORA1_Ki_train_2907	6.02	6.26374
ADORA1_Ki_train_3599	7.7	7.5285
ADORA1_Ki_train_1624	8.55	8.7168
ADORA1_Ki_train_3565	6.44	6.29899
ADORA1_Ki_train_1697	5.84	6.13008
ADORA1_Ki_train_3379	6.87	6.39987
ADORA1_Ki_train_0511	6.58	6.56121
ADORA1_Ki_train_0794	10.0	7.30077
ADORA1_Ki_train_2463	5.92	6.4353
ADORA1_Ki_train_1988	6.03	6.51519
ADORA1_Ki_train_1950	6.685	7.45488
ADORA1_Ki_train_3222	6.76	7.37565
ADORA1_Ki_train_0393	7.14	6.95474
ADORA1_Ki_train_1113	5.66	6.00887
ADORA1_Ki_train_0279	6.33	5.9378
ADORA1_Ki_train_0325	6.59	6.34653
ADORA1_Ki_train_2409	6.92	6.65987
ADORA1_Ki_train_1947	7.5	7.55668
ADORA1_Ki_train_1068	5.89	5.89498
ADORA1_Ki_train_0621	7.52	6.47143
ADORA1_Ki_train_1869	5.17	7.20505
ADORA1_Ki_train_0366	6.61	7.06995
ADORA1_Ki_train_0978	5.92	5.7652
ADORA1_Ki_train_3484	7.69	7.10201
ADORA1_Ki_train_0862	7.335	6.19561
ADORA1_Ki_train_2429	7.1	6.28419
ADORA1_Ki_train_2183	7.6	6.96272
ADORA1_Ki_train_0134	6.71	6.88364
ADORA1_Ki_train_1052	5.12	5.79376
ADORA1_Ki_train_2726	6.37	7.87746
ADORA1_Ki_train_0051	7.7	7.348
ADORA1_Ki_train_0461	6.57	7.26305
ADORA1_Ki_train_1422	6.53	6.34869
ADORA1_Ki_train_2378	5.21	4.79059
ADORA1_Ki_train_3299	7.0	6.56909
ADORA1_Ki_train_3269	6.635	6.82723
ADORA1_Ki_train_2899	8.4	7.8775
ADORA1_Ki_train_0026	7.83	8.07809
ADORA1_Ki_train_0705	8.91	8.03988
ADORA1_Ki_train_2630	7.25	6.51711
ADORA1_Ki_train_0490	6.99	6.47906
ADORA1_Ki_train_2370	5.63	5.85704
ADORA1_Ki_train_0712	6.21	6.06745
ADORA1_Ki_train_2927	5.26	6.06613
ADORA1_Ki_train_0139	6.88	6.61888
ADORA1_Ki_train_0192	6.36	7.20864
ADORA1_Ki_train_2751	6.43	6.56464
ADORA1_Ki_train_3616	5.38	5.53722
ADORA1_Ki_train_2956	7.38	7.3517
ADORA1_Ki_train_1866	6.43	5.53664
ADORA1_Ki_train_0781	8.91	7.19272
ADORA1_Ki_train_1064	5.08	5.46176
ADORA1_Ki_train_1395	8.36	8.07565
ADORA1_Ki_train_2609	7.52	7.19721
ADORA1_Ki_train_1094	6.03	6.07658
ADORA1_Ki_train_1356	7.47	7.14741
ADORA1_Ki_train_1815	7.08	6.51014
ADORA1_Ki_train_0817	4.9	5.56327
ADORA1_Ki_train_3494	6.49	6.43169
ADORA1_Ki_train_3509	6.81	6.23447
ADORA1_Ki_train_0263	8.19	6.88132
ADORA1_Ki_train_2430	5.57	5.9261
ADORA1_Ki_train_1961	8.01	8.02086
ADORA1_Ki_train_3286	6.33	6.1967
ADORA1_Ki_train_2510	5.65	5.92124
ADORA1_Ki_train_3676	5.48	6.13183
ADORA1_Ki_train_1417	5.29	5.35172
ADORA1_Ki_train_0486	6.3	5.77548
ADORA1_Ki_train_1114	6.32	5.62111
ADORA1_Ki_train_0124	5.72	5.50604
ADORA1_Ki_train_0033	7.07	7.4012
ADORA1_Ki_train_2957	5.2	5.45174
ADORA1_Ki_train_0840	5.94	6.10574
ADORA1_Ki_train_0256	6.09	6.34396
ADORA1_Ki_train_0183	6.32	6.7621
ADORA1_Ki_train_3200	6.38	6.80792
ADORA1_Ki_train_3505	5.29	5.91667
ADORA1_Ki_train_0463	6.18	6.85856
ADORA1_Ki_train_2366	7.1	6.95186
ADORA1_Ki_train_0070	5.97	6.05433
ADORA1_Ki_train_3230	6.49	6.69402
ADORA1_Ki_train_2382	7.57	7.30961
ADORA1_Ki_train_0776	6.4	6.01846
ADORA1_Ki_train_1457	7.66	6.3345
ADORA1_Ki_train_0315	5.06	5.08811
ADORA1_Ki_train_2784	4.87	6.28927
ADORA1_Ki_train_1018	5.96	6.03348
ADORA1_Ki_train_1483	5.35	5.37604
ADORA1_Ki_train_3504	7.34	6.45504
ADORA1_Ki_train_1502	5.61	5.86313
ADORA1_Ki_train_1149	7.82	7.45111
ADORA1_Ki_train_2127	6.02	6.58914
ADORA1_Ki_train_0544	7.0	6.78242
ADORA1_Ki_train_2245	5.6	6.00607
ADORA1_Ki_train_0144	6.11	7.03447
ADORA1_Ki_train_2107	4.73	5.20552
ADORA1_Ki_train_2552	4.85	4.69225
ADORA1_Ki_train_1345	7.22	7.52588
ADORA1_Ki_train_0149	6.1	6.14779
ADORA1_Ki_train_1736	6.33	6.84261
ADORA1_Ki_train_0839	8.7	8.22247
ADORA1_Ki_train_0718	6.13	5.73436
ADORA1_Ki_train_0564	6.47	5.72519
ADORA1_Ki_train_2274	8.01	6.68449
ADORA1_Ki_train_0907	7.55	7.88637
ADORA1_Ki_train_0925	6.155	7.10227
ADORA1_Ki_train_3128	5.9	5.7906
ADORA1_Ki_train_0561	6.23	6.6879
ADORA1_Ki_train_0184	7.18	7.44548
ADORA1_Ki_train_0305	8.01	7.8426
ADORA1_Ki_train_2667	7.11	6.69697
ADORA1_Ki_train_0554	4.64	5.66069
ADORA1_Ki_train_2946	7.74	7.08669
ADORA1_Ki_train_1414	6.08	5.90952
ADORA1_Ki_train_1161	6.81	6.0906
ADORA1_Ki_train_1783	5.79	6.4281
ADORA1_Ki_train_0805	6.61	6.50138
ADORA1_Ki_train_3185	6.61	7.04019
ADORA1_Ki_train_1455	6.93	6.57801
ADORA1_Ki_train_3199	8.45	8.58015
ADORA1_Ki_train_1423	5.58	6.14223
ADORA1_Ki_train_2759	7.1	6.96554
ADORA1_Ki_train_2138	6.77	6.70833
ADORA1_Ki_train_2367	6.69	6.92897
ADORA1_Ki_train_1499	5.7	5.43816
ADORA1_Ki_train_3088	6.73	6.71454
ADORA1_Ki_train_1210	6.46	6.93729
ADORA1_Ki_train_0314	5.8	6.64854
ADORA1_Ki_train_2854	6.87	7.04706
ADORA1_Ki_train_3061	6.0	6.04369
ADORA1_Ki_train_1670	4.98	5.87286
ADORA1_Ki_train_1067	4.5	5.23679
ADORA1_Ki_train_2587	6.96	6.80044
ADORA1_Ki_train_2369	6.89	6.93593
ADORA1_Ki_train_1108	7.19	7.18398
ADORA1_Ki_train_3451	6.6	6.70748
ADORA1_Ki_train_3560	6.41	6.11706
ADORA1_Ki_train_3396	10.12	8.34473
ADORA1_Ki_train_1967	8.33	8.14466
ADORA1_Ki_train_2276	8.0	7.95469
ADORA1_Ki_train_1475	6.89	6.46644
ADORA1_Ki_train_2381	6.47	6.9466
ADORA1_Ki_train_0017	5.68	5.69685
ADORA1_Ki_train_1073	6.96	6.0031
ADORA1_Ki_train_1760	6.39	6.14297
ADORA1_Ki_train_2962	6.96	6.46436
ADORA1_Ki_train_1116	6.32	6.41896
ADORA1_Ki_train_2867	5.0	6.42243
ADORA1_Ki_train_3223	5.53	5.80907
ADORA1_Ki_train_1178	7.3	6.50545
ADORA1_Ki_train_0670	5.23	5.9318
ADORA1_Ki_train_0251	6.65	6.49022
ADORA1_Ki_train_0790	6.92	6.75084
ADORA1_Ki_train_3496	5.83	6.02975
ADORA1_Ki_train_1032	8.22	7.79654
ADORA1_Ki_train_1954	5.97	5.75829
ADORA1_Ki_train_3640	8.11	7.32265
ADORA1_Ki_train_1263	7.42	7.45486
ADORA1_Ki_train_3265	6.14	6.46179
ADORA1_Ki_train_0358	6.34	6.7305
ADORA1_Ki_train_3440	6.79	6.13758
ADORA1_Ki_train_0538	6.46	6.47332
ADORA1_Ki_train_2622	6.77	6.31942
ADORA1_Ki_train_0802	5.75	5.74147
ADORA1_Ki_train_1993	6.68	6.68291
ADORA1_Ki_train_0567	5.0	5.14507
ADORA1_Ki_train_1563	6.43	6.4263
ADORA1_Ki_train_0093	8.43	7.22841
ADORA1_Ki_train_0298	4.92	4.97443
ADORA1_Ki_train_0229	7.4	7.34223
ADORA1_Ki_train_1747	6.41	6.7356
ADORA1_Ki_train_1362	6.13	7.09583
ADORA1_Ki_train_2507	6.91	6.2626
ADORA1_Ki_train_1251	8.15	7.38123
ADORA1_Ki_train_2178	5.05	5.48022
ADORA1_Ki_train_0438	7.54	7.54331
ADORA1_Ki_train_0889	5.14	6.2278
ADORA1_Ki_train_3480	6.82	6.34709
ADORA1_Ki_train_1912	5.5	6.05717
ADORA1_Ki_train_2189	7.32	7.15455
ADORA1_Ki_train_1146	5.47	5.67292
ADORA1_Ki_train_0322	5.41	6.97489
ADORA1_Ki_train_0811	8.88	7.7564
ADORA1_Ki_train_3135	7.44	7.84308
ADORA1_Ki_train_2232	5.71	5.77828
ADORA1_Ki_train_1298	9.24	6.06337
ADORA1_Ki_train_0203	5.39	6.4097
ADORA1_Ki_train_3631	6.48	6.11628
ADORA1_Ki_train_1361	5.02	5.25244
ADORA1_Ki_train_3366	7.23	6.55687
ADORA1_Ki_train_0012	6.14	6.5491
ADORA1_Ki_train_3321	7.44	7.41604
ADORA1_Ki_train_3209	7.16	7.30988
ADORA1_Ki_train_3404	5.46	6.20681
ADORA1_Ki_train_0976	6.29	6.10296
ADORA1_Ki_train_2046	7.35	7.21425
ADORA1_Ki_train_3218	5.96	5.99856
ADORA1_Ki_train_2358	7.15	6.56763
ADORA1_Ki_train_2287	6.69	6.10726
ADORA1_Ki_train_1011	7.04	6.63909
ADORA1_Ki_train_1754	6.42	6.34409
ADORA1_Ki_train_0965	5.72	5.98908
ADORA1_Ki_train_0299	5.51	6.09473
ADORA1_Ki_train_2835	6.88	6.75386
ADORA1_Ki_train_0495	7.38	6.6724
ADORA1_Ki_train_1442	7.26	7.84946
ADORA1_Ki_train_0402	7.88	7.87345
ADORA1_Ki_train_2707	6.79	7.49899
ADORA1_Ki_train_3063	5.97	6.20423
ADORA1_Ki_train_0076	6.14	7.08187
ADORA1_Ki_train_3668	6.2	6.10431
ADORA1_Ki_train_2153	7.97	8.20372
ADORA1_Ki_train_3309	5.35	5.58686
ADORA1_Ki_train_0211	8.0	7.97824
ADORA1_Ki_train_2917	6.63	6.38915
ADORA1_Ki_train_2468	6.22	6.19706
ADORA1_Ki_train_2533	5.87	5.40465
ADORA1_Ki_train_0030	6.62	7.92718
ADORA1_Ki_train_1138	5.64	6.05789
ADORA1_Ki_train_0270	7.0	7.40757
ADORA1_Ki_train_2736	5.78	6.64341
ADORA1_Ki_train_1584	6.78	6.9571
ADORA1_Ki_train_2852	7.04	7.26832
ADORA1_Ki_train_3205	7.63	7.40318
ADORA1_Ki_train_2654	5.54	5.95251
ADORA1_Ki_train_1340	6.54	6.37615
ADORA1_Ki_train_0501	7.7	7.26436
ADORA1_Ki_train_2310	7.35	7.55841
ADORA1_Ki_train_1293	6.54	6.47762
ADORA1_Ki_train_3466	7.09	6.69071
ADORA1_Ki_train_1188	5.77	5.76534
ADORA1_Ki_train_0052	7.35	7.27604
ADORA1_Ki_train_0527	6.905	7.29545
ADORA1_Ki_train_0120	6.83	7.34626
ADORA1_Ki_train_1488	7.12	6.86148
ADORA1_Ki_train_0321	6.23	6.35558
ADORA1_Ki_train_3428	5.96	5.80032
ADORA1_Ki_train_3013	5.83	5.82495
ADORA1_Ki_train_2320	5.62	6.17948
ADORA1_Ki_train_3228	8.305	7.20972
ADORA1_Ki_train_2562	7.11	6.7271
ADORA1_Ki_train_2240	6.8	5.79411
ADORA1_Ki_train_2282	6.81	7.26625
ADORA1_Ki_train_3405	6.745	6.53925
ADORA1_Ki_train_2807	7.12	8.31705
ADORA1_Ki_train_3606	6.18	6.28774
ADORA1_Ki_train_3412	7.43	7.3325
ADORA1_Ki_train_2991	4.88	5.49534
ADORA1_Ki_train_2163	6.34	5.97652
ADORA1_Ki_train_1583	5.82	5.95478
ADORA1_Ki_train_0351	6.96	6.93945
ADORA1_Ki_train_2341	6.78	6.7994
ADORA1_Ki_train_2024	5.2	5.57302
ADORA1_Ki_train_2906	6.98	6.94706
ADORA1_Ki_train_1022	8.22	8.5495
ADORA1_Ki_train_0450	7.92	7.23356
ADORA1_Ki_train_0014	9.15	8.47408
ADORA1_Ki_train_0414	6.76	7.12246
ADORA1_Ki_train_0752	7.26	7.33782
ADORA1_Ki_train_2211	5.84	6.12767
ADORA1_Ki_train_0291	5.85	5.31144
ADORA1_Ki_train_2930	6.56	6.18501
ADORA1_Ki_train_0838	7.39	6.32516
ADORA1_Ki_train_0443	5.95	6.04572
ADORA1_Ki_train_2941	6.23	6.799
ADORA1_Ki_train_2650	7.12	7.73519
ADORA1_Ki_train_0109	6.15	6.40558
ADORA1_Ki_train_0809	5.19	7.98826
ADORA1_Ki_train_3044	6.77	6.52477
ADORA1_Ki_train_1694	5.71	6.09642
ADORA1_Ki_train_3635	6.41	5.90849
ADORA1_Ki_train_1270	6.91	6.60139
ADORA1_Ki_train_3552	7.77	6.87374
ADORA1_Ki_train_2658	7.22	6.72596
ADORA1_Ki_train_0457	7.86	7.87058
ADORA1_Ki_train_0415	6.78	6.33821
ADORA1_Ki_train_1814	8.28	8.25657
ADORA1_Ki_train_2023	5.08	5.42529
ADORA1_Ki_train_3677	6.35	6.15307
ADORA1_Ki_train_2010	5.3	5.60742
ADORA1_Ki_train_1744	7.28	6.5749
ADORA1_Ki_train_0478	8.46	7.44587
ADORA1_Ki_train_0410	5.61	5.63539
ADORA1_Ki_train_2554	5.21	5.31225
ADORA1_Ki_train_2832	6.5	7.07315
ADORA1_Ki_train_0179	7.75	7.53271
ADORA1_Ki_train_1572	6.42	6.34392
ADORA1_Ki_train_3080	8.08	8.03476
ADORA1_Ki_train_2045	6.88	7.65641
ADORA1_Ki_train_3271	6.56	6.35369
ADORA1_Ki_train_2885	8.66	7.73295
ADORA1_Ki_train_3452	4.93	6.16655
ADORA1_Ki_train_1432	7.52	7.00621
ADORA1_Ki_train_1226	7.75	6.93907
ADORA1_Ki_train_1450	7.11	6.60947
ADORA1_Ki_train_0969	6.87	6.15504
ADORA1_Ki_train_0807	6.11	6.37468
ADORA1_Ki_train_2290	8.62	8.63608
ADORA1_Ki_train_1117	6.21	6.42617
ADORA1_Ki_train_3678	6.46	7.34565
ADORA1_Ki_train_0170	7.09	7.57001
ADORA1_Ki_train_2022	6.46	6.30571
ADORA1_Ki_train_0573	7.345	7.07915
ADORA1_Ki_train_1025	7.72	6.8672
ADORA1_Ki_train_2994	8.22	8.55798
ADORA1_Ki_train_0985	7.57	7.86004
